nid,uid,calendar_status,available_days_30,available_days_60,available_days_90,available_days_180,available_days_365,note
3073.0,3161.0,open,4.0,4.0,4.0,4.0,4.0,
3772.0,4094.0,open,0.0,0.0,0.0,0.0,0.0,
3775.0,4094.0,open,0.0,0.0,0.0,0.0,0.0,
3776.0,4094.0,open,0.0,0.0,0.0,0.0,0.0,
3778.0,4094.0,open,0.0,0.0,0.0,0.0,0.0,
3783.0,4094.0,open,0.0,0.0,0.0,0.0,0.0,
56284.0,129656.0,open,18.0,46.0,70.0,154.0,291.0,
67711.0,3161.0,open,0.0,0.0,0.0,3.0,3.0,
73477.0,171040.0,open,6.0,10.0,16.0,16.0,24.0,
73982.0,170446.0,blocked,26.0,53.0,83.0,173.0,268.0,
73983.0,170446.0,blocked,30.0,60.0,90.0,180.0,275.0,
73984.0,170446.0,blocked,30.0,60.0,90.0,180.0,275.0,
73986.0,170446.0,blocked,23.0,53.0,83.0,173.0,261.0,
73988.0,170446.0,blocked,30.0,60.0,90.0,180.0,275.0,
73989.0,170446.0,blocked,30.0,60.0,90.0,180.0,275.0,
73991.0,170446.0,blocked,30.0,60.0,90.0,180.0,275.0,
73993.0,170446.0,blocked,27.0,57.0,87.0,177.0,272.0,
75338.0,176118.0,blocked,14.0,44.0,71.0,157.0,269.0,
75339.0,176118.0,blocked,10.0,40.0,62.0,143.0,229.0,
75340.0,176118.0,blocked,30.0,59.0,82.0,169.0,281.0,
75341.0,176118.0,blocked,30.0,60.0,87.0,173.0,285.0,
75342.0,176118.0,blocked,15.0,45.0,72.0,154.0,266.0,
75343.0,176118.0,blocked,30.0,60.0,87.0,172.0,284.0,
75344.0,176118.0,blocked,29.0,59.0,86.0,172.0,284.0,
75349.0,176118.0,blocked,29.0,55.0,82.0,168.0,280.0,
75352.0,176118.0,blocked,29.0,59.0,86.0,172.0,284.0,
75354.0,176118.0,blocked,3.0,33.0,60.0,146.0,258.0,
75355.0,176118.0,blocked,25.0,55.0,82.0,168.0,280.0,
75357.0,176118.0,blocked,15.0,45.0,72.0,158.0,270.0,
75359.0,176118.0,blocked,30.0,59.0,86.0,172.0,284.0,
75361.0,176118.0,blocked,22.0,51.0,78.0,158.0,270.0,
75363.0,176118.0,blocked,30.0,60.0,87.0,173.0,285.0,
75365.0,176118.0,blocked,30.0,60.0,87.0,173.0,285.0,
75366.0,176118.0,blocked,30.0,59.0,86.0,172.0,284.0,
75367.0,176118.0,blocked,20.0,44.0,71.0,156.0,263.0,
75368.0,176118.0,blocked,30.0,60.0,87.0,173.0,285.0,
75372.0,176118.0,blocked,15.0,45.0,72.0,158.0,270.0,
75373.0,176118.0,blocked,28.0,58.0,81.0,165.0,277.0,
75378.0,176118.0,blocked,30.0,60.0,87.0,173.0,285.0,
75380.0,176118.0,blocked,0.0,0.0,27.0,108.0,220.0,
75382.0,176118.0,blocked,25.0,54.0,81.0,164.0,276.0,
75384.0,176118.0,blocked,17.0,46.0,73.0,159.0,271.0,
75385.0,176118.0,blocked,0.0,15.0,42.0,128.0,240.0,
75388.0,176118.0,blocked,30.0,60.0,84.0,170.0,282.0,
75389.0,176118.0,blocked,30.0,60.0,87.0,173.0,285.0,
75391.0,176118.0,blocked,0.0,29.0,56.0,142.0,254.0,
75396.0,176118.0,blocked,15.0,44.0,71.0,157.0,269.0,
75397.0,176118.0,blocked,30.0,59.0,86.0,172.0,280.0,
75399.0,176118.0,blocked,16.0,36.0,63.0,149.0,261.0,
75400.0,176118.0,blocked,13.0,43.0,70.0,153.0,265.0,
75401.0,176118.0,blocked,25.0,55.0,82.0,168.0,280.0,
75405.0,176118.0,blocked,30.0,60.0,87.0,173.0,285.0,
75406.0,176118.0,blocked,14.0,43.0,70.0,156.0,263.0,
75407.0,176118.0,blocked,21.0,46.0,73.0,159.0,271.0,
75413.0,176118.0,blocked,17.0,31.0,58.0,144.0,256.0,
75414.0,176118.0,blocked,23.0,53.0,75.0,161.0,273.0,
75415.0,176118.0,blocked,18.0,48.0,75.0,161.0,244.0,
75416.0,176118.0,blocked,24.0,53.0,80.0,166.0,278.0,
75421.0,176118.0,blocked,15.0,44.0,71.0,154.0,266.0,
75422.0,176118.0,blocked,30.0,59.0,86.0,169.0,281.0,
75424.0,176118.0,blocked,30.0,59.0,84.0,167.0,279.0,
75426.0,176118.0,blocked,15.0,44.0,71.0,157.0,269.0,
75430.0,176118.0,blocked,30.0,59.0,83.0,169.0,281.0,
75431.0,176118.0,blocked,0.0,0.0,0.0,0.0,93.0,
75432.0,176118.0,blocked,24.0,53.0,80.0,166.0,278.0,
75435.0,176118.0,blocked,30.0,60.0,87.0,173.0,285.0,
75438.0,176118.0,blocked,30.0,60.0,87.0,173.0,285.0,
75441.0,176118.0,blocked,15.0,45.0,72.0,158.0,270.0,
75471.0,171028.0,open,23.0,53.0,78.0,121.0,277.0,
75842.0,170446.0,blocked,30.0,60.0,90.0,180.0,275.0,
75843.0,170446.0,blocked,30.0,60.0,90.0,180.0,275.0,
75844.0,170446.0,blocked,30.0,60.0,90.0,180.0,275.0,
75846.0,170446.0,blocked,30.0,60.0,90.0,180.0,275.0,
75849.0,170446.0,blocked,30.0,60.0,90.0,180.0,275.0,
75850.0,170446.0,blocked,26.0,56.0,86.0,176.0,271.0,
75852.0,170446.0,blocked,30.0,60.0,90.0,180.0,275.0,
75853.0,170446.0,blocked,5.0,35.0,65.0,155.0,250.0,
75854.0,170446.0,blocked,23.0,53.0,83.0,173.0,268.0,
75855.0,170446.0,blocked,30.0,60.0,90.0,180.0,275.0,
75856.0,170446.0,blocked,25.0,55.0,85.0,175.0,270.0,
75857.0,170446.0,blocked,30.0,60.0,90.0,180.0,275.0,
75939.0,176118.0,blocked,30.0,60.0,87.0,173.0,285.0,
75990.0,175865.0,open,0.0,3.0,33.0,115.0,300.0,
76068.0,178428.0,open,0.0,0.0,0.0,0.0,0.0,
76150.0,3161.0,open,24.0,54.0,84.0,174.0,359.0,
76300.0,170446.0,blocked,30.0,60.0,90.0,180.0,275.0,
76306.0,176118.0,blocked,15.0,45.0,72.0,158.0,270.0,
76310.0,176118.0,blocked,22.0,51.0,78.0,164.0,276.0,
76312.0,176118.0,blocked,30.0,55.0,82.0,168.0,280.0,
77222.0,154971.0,blocked,0.0,0.0,0.0,0.0,0.0,
77226.0,154971.0,blocked,0.0,0.0,0.0,0.0,0.0,
77261.0,176118.0,blocked,15.0,45.0,72.0,158.0,270.0,
77277.0,144646.0,blocked,0.0,0.0,0.0,42.0,227.0,
77281.0,180748.0,open,15.0,39.0,59.0,120.0,287.0,
77283.0,180748.0,open,3.0,8.0,8.0,10.0,116.0,
77294.0,180748.0,open,15.0,36.0,66.0,156.0,341.0,
77295.0,180748.0,open,15.0,45.0,75.0,165.0,350.0,
77296.0,180748.0,open,23.0,41.0,71.0,161.0,346.0,
77299.0,180748.0,open,2.0,24.0,43.0,133.0,318.0,
77301.0,180748.0,open,16.0,29.0,53.0,131.0,300.0,
77303.0,180748.0,open,2.0,23.0,53.0,143.0,322.0,
77819.0,3161.0,open,26.0,56.0,86.0,165.0,350.0,
81384.0,171883.0,open,0.0,0.0,0.0,0.0,0.0,
81390.0,29083.0,open,12.0,32.0,58.0,136.0,315.0,
86134.0,181698.0,open,0.0,0.0,0.0,0.0,0.0,
86221.0,181698.0,blocked,0.0,0.0,0.0,5.0,5.0,
86228.0,181698.0,blocked,0.0,0.0,0.0,0.0,0.0,
86254.0,181698.0,open,8.0,33.0,57.0,124.0,299.0,
86414.0,48445.0,open,0.0,0.0,0.0,0.0,0.0,
86619.0,187821.0,open,0.0,2.0,2.0,2.0,2.0,
86650.0,129588.0,open,0.0,0.0,0.0,0.0,0.0,
88113.0,188916.0,open,0.0,0.0,0.0,0.0,0.0,
88152.0,188916.0,open,0.0,0.0,0.0,0.0,0.0,
88179.0,188916.0,open,0.0,0.0,0.0,0.0,0.0,
88302.0,188916.0,open,0.0,4.0,4.0,4.0,4.0,
88318.0,188916.0,open,30.0,60.0,90.0,180.0,336.0,
88345.0,188916.0,open,30.0,60.0,90.0,180.0,336.0,
88458.0,188916.0,open,0.0,0.0,0.0,0.0,0.0,
88478.0,188916.0,open,30.0,60.0,90.0,175.0,331.0,
88508.0,188916.0,open,0.0,0.0,0.0,0.0,0.0,
88548.0,188916.0,open,25.0,55.0,85.0,175.0,360.0,
88605.0,189716.0,open,2.0,2.0,2.0,2.0,2.0,
88634.0,189716.0,blocked,5.0,5.0,5.0,5.0,5.0,
88767.0,188916.0,open,0.0,0.0,0.0,0.0,0.0,
88809.0,188916.0,open,0.0,0.0,0.0,0.0,0.0,
89050.0,188916.0,open,0.0,0.0,0.0,0.0,0.0,
89081.0,188916.0,blocked,23.0,53.0,83.0,128.0,309.0,
89106.0,188916.0,open,0.0,0.0,0.0,0.0,0.0,
89129.0,188916.0,blocked,0.0,0.0,0.0,0.0,0.0,
89130.0,188916.0,open,29.0,59.0,89.0,172.0,357.0,
89161.0,188916.0,open,29.0,48.0,76.0,166.0,337.0,
89165.0,188916.0,open,0.0,0.0,0.0,0.0,0.0,
89211.0,188916.0,open,0.0,0.0,0.0,0.0,0.0,
89212.0,188916.0,open,0.0,0.0,0.0,0.0,0.0,
89245.0,188916.0,blocked,0.0,0.0,0.0,0.0,0.0,
89255.0,188916.0,open,0.0,0.0,0.0,0.0,0.0,
89294.0,188916.0,open,0.0,0.0,0.0,0.0,0.0,
89320.0,188916.0,open,30.0,60.0,90.0,180.0,365.0,
89597.0,188916.0,open,0.0,0.0,0.0,0.0,0.0,
89679.0,188916.0,open,30.0,54.0,84.0,123.0,297.0,
89682.0,188916.0,open,29.0,59.0,89.0,179.0,364.0,
89692.0,188916.0,open,0.0,0.0,0.0,0.0,0.0,
89765.0,188916.0,open,0.0,0.0,0.0,0.0,0.0,
89792.0,188916.0,open,0.0,0.0,0.0,0.0,0.0,
89824.0,188916.0,blocked,0.0,0.0,0.0,0.0,0.0,
89835.0,180748.0,open,13.0,43.0,67.0,149.0,334.0,
89880.0,144635.0,open,0.0,0.0,0.0,0.0,0.0,
89905.0,192884.0,open,2.0,2.0,20.0,99.0,150.0,
89911.0,192884.0,open,28.0,58.0,81.0,153.0,265.0,
89918.0,192884.0,open,0.0,0.0,9.0,34.0,34.0,
89919.0,192884.0,open,15.0,45.0,72.0,160.0,345.0,
89921.0,192884.0,open,26.0,55.0,85.0,164.0,349.0,
89923.0,192884.0,open,16.0,46.0,71.0,148.0,333.0,
89930.0,192884.0,open,13.0,31.0,42.0,88.0,223.0,
89932.0,192884.0,open,16.0,40.0,53.0,130.0,260.0,
89935.0,192884.0,open,13.0,36.0,57.0,92.0,221.0,
89937.0,192884.0,open,24.0,50.0,58.0,98.0,256.0,
89938.0,192884.0,open,25.0,49.0,79.0,169.0,312.0,
89940.0,192884.0,open,13.0,30.0,54.0,118.0,276.0,
89942.0,192884.0,open,17.0,47.0,70.0,116.0,301.0,
89943.0,192884.0,open,0.0,0.0,29.0,119.0,304.0,
89944.0,192884.0,open,24.0,54.0,84.0,164.0,349.0,
89946.0,192884.0,open,14.0,44.0,66.0,117.0,298.0,
89948.0,192884.0,open,0.0,5.0,35.0,125.0,241.0,
89949.0,192884.0,open,13.0,43.0,62.0,139.0,324.0,
89954.0,192884.0,open,9.0,36.0,60.0,143.0,258.0,
89962.0,192884.0,open,15.0,45.0,75.0,165.0,308.0,
89964.0,192884.0,open,0.0,15.0,37.0,111.0,131.0,
89989.0,192884.0,open,11.0,41.0,71.0,161.0,287.0,
89990.0,192884.0,open,18.0,48.0,78.0,166.0,324.0,
89998.0,192884.0,open,14.0,34.0,38.0,69.0,181.0,
90006.0,192884.0,open,9.0,26.0,39.0,68.0,253.0,
90008.0,192884.0,open,13.0,43.0,67.0,157.0,300.0,
90016.0,157837.0,blocked,0.0,0.0,0.0,0.0,0.0,
90024.0,157837.0,blocked,0.0,0.0,0.0,2.0,4.0,
90050.0,193006.0,open,20.0,50.0,80.0,170.0,248.0,
90057.0,193006.0,open,24.0,54.0,84.0,114.0,192.0,
90058.0,193006.0,open,22.0,52.0,79.0,102.0,163.0,
90076.0,193006.0,open,0.0,0.0,0.0,0.0,0.0,
90085.0,193006.0,open,22.0,52.0,82.0,118.0,196.0,
90091.0,193006.0,open,18.0,35.0,35.0,35.0,35.0,
90100.0,193006.0,open,17.0,34.0,34.0,34.0,63.0,
90104.0,193006.0,open,21.0,51.0,81.0,171.0,249.0,
90112.0,193006.0,open,17.0,47.0,77.0,163.0,241.0,
90235.0,145681.0,blocked,0.0,0.0,0.0,0.0,0.0,
90237.0,145681.0,open,0.0,0.0,0.0,0.0,0.0,
90472.0,193930.0,open,25.0,27.0,27.0,27.0,27.0,
90486.0,193930.0,open,18.0,20.0,20.0,20.0,20.0,
90496.0,193930.0,open,0.0,0.0,0.0,0.0,0.0,
90499.0,193930.0,open,27.0,29.0,29.0,29.0,29.0,
90500.0,193930.0,open,22.0,24.0,24.0,24.0,24.0,
90501.0,193930.0,blocked,0.0,2.0,2.0,2.0,2.0,
90502.0,193930.0,open,27.0,29.0,29.0,29.0,29.0,
90547.0,193648.0,open,10.0,22.0,49.0,123.0,285.0,
90552.0,193648.0,open,6.0,13.0,28.0,88.0,234.0,
90563.0,193648.0,open,4.0,13.0,27.0,86.0,250.0,
90623.0,111413.0,open,8.0,28.0,46.0,66.0,159.0,
90651.0,144646.0,blocked,8.0,26.0,56.0,146.0,331.0,
90659.0,144646.0,blocked,12.0,30.0,53.0,137.0,280.0,
90664.0,144646.0,blocked,17.0,17.0,17.0,17.0,17.0,
90673.0,144646.0,blocked,11.0,41.0,71.0,154.0,339.0,
90676.0,144646.0,blocked,13.0,39.0,69.0,155.0,340.0,
90681.0,144646.0,blocked,17.0,45.0,64.0,138.0,315.0,
90704.0,170446.0,blocked,30.0,60.0,90.0,180.0,275.0,
90706.0,170446.0,blocked,27.0,57.0,87.0,177.0,272.0,
91115.0,29083.0,open,9.0,17.0,44.0,124.0,280.0,
91160.0,195452.0,open,15.0,33.0,63.0,153.0,274.0,
91168.0,195452.0,open,21.0,42.0,72.0,162.0,283.0,
91372.0,188916.0,open,0.0,0.0,0.0,0.0,0.0,
91403.0,195371.0,blocked,0.0,0.0,0.0,0.0,0.0,
91405.0,171028.0,open,20.0,49.0,76.0,125.0,283.0,
91410.0,171028.0,open,28.0,58.0,77.0,145.0,305.0,
91428.0,188916.0,open,6.0,9.0,9.0,9.0,9.0,
91441.0,176118.0,blocked,30.0,60.0,87.0,173.0,285.0,
91446.0,188916.0,blocked,0.0,0.0,0.0,0.0,0.0,
91465.0,188916.0,open,0.0,0.0,0.0,0.0,0.0,
91511.0,176118.0,blocked,14.0,44.0,71.0,157.0,269.0,
91527.0,176118.0,blocked,29.0,58.0,77.0,163.0,275.0,
91550.0,176118.0,blocked,29.0,55.0,82.0,168.0,280.0,
126877.0,188916.0,open,0.0,30.0,60.0,150.0,307.0,
126894.0,188916.0,open,0.0,0.0,0.0,0.0,0.0,
126899.0,144646.0,blocked,2.0,6.0,6.0,48.0,231.0,
126904.0,144646.0,blocked,0.0,0.0,0.0,0.0,3.0,
126970.0,3057.0,open,24.0,39.0,64.0,114.0,299.0,
127283.0,4045.0,open,26.0,56.0,86.0,163.0,317.0,
127308.0,176118.0,blocked,30.0,60.0,87.0,173.0,285.0,
127364.0,197286.0,open,15.0,45.0,75.0,165.0,216.0,
127382.0,197286.0,open,19.0,49.0,79.0,156.0,207.0,
127463.0,197284.0,open,0.0,0.0,0.0,0.0,0.0,
127485.0,197284.0,open,0.0,0.0,0.0,0.0,0.0,
127486.0,197284.0,open,0.0,0.0,0.0,0.0,0.0,
127488.0,197284.0,open,0.0,0.0,0.0,0.0,0.0,
127489.0,197284.0,open,0.0,0.0,0.0,0.0,0.0,
127490.0,197284.0,open,0.0,0.0,0.0,0.0,0.0,
127491.0,197284.0,open,0.0,0.0,0.0,0.0,0.0,
127492.0,197284.0,open,0.0,0.0,0.0,0.0,0.0,
127493.0,197284.0,open,0.0,0.0,0.0,0.0,0.0,
127494.0,197284.0,open,0.0,0.0,0.0,0.0,0.0,
127495.0,197284.0,open,0.0,0.0,0.0,0.0,0.0,
127496.0,197284.0,open,0.0,0.0,0.0,0.0,0.0,
127497.0,197284.0,open,0.0,0.0,0.0,0.0,0.0,
127498.0,197284.0,open,0.0,0.0,0.0,0.0,0.0,
127499.0,197284.0,open,0.0,0.0,0.0,0.0,0.0,
127500.0,197284.0,open,0.0,0.0,0.0,0.0,0.0,
127501.0,197284.0,open,0.0,0.0,0.0,0.0,0.0,
127502.0,197284.0,open,0.0,0.0,0.0,0.0,0.0,
127503.0,197284.0,open,0.0,0.0,0.0,0.0,0.0,
127504.0,197284.0,open,0.0,0.0,0.0,0.0,0.0,
127505.0,197284.0,open,0.0,0.0,0.0,0.0,0.0,
127506.0,197284.0,open,0.0,0.0,0.0,0.0,0.0,
127508.0,197284.0,open,0.0,0.0,0.0,0.0,0.0,
127509.0,197284.0,open,0.0,0.0,0.0,0.0,0.0,
127510.0,197284.0,open,0.0,0.0,0.0,0.0,0.0,
127512.0,197284.0,open,0.0,0.0,0.0,0.0,0.0,
127513.0,197284.0,open,0.0,0.0,0.0,0.0,0.0,
127514.0,197284.0,open,0.0,0.0,0.0,0.0,0.0,
127515.0,197284.0,open,0.0,0.0,0.0,0.0,0.0,
127517.0,197284.0,open,0.0,0.0,0.0,0.0,0.0,
127518.0,197284.0,open,0.0,0.0,0.0,0.0,0.0,
127519.0,197284.0,open,0.0,0.0,0.0,0.0,0.0,
127520.0,197284.0,open,0.0,0.0,0.0,0.0,0.0,
127521.0,197284.0,open,0.0,0.0,0.0,0.0,0.0,
127522.0,197284.0,open,0.0,0.0,0.0,0.0,0.0,
127523.0,197284.0,open,0.0,0.0,0.0,0.0,0.0,
127524.0,197284.0,open,0.0,0.0,0.0,0.0,0.0,
127525.0,197284.0,open,0.0,0.0,0.0,0.0,0.0,
127527.0,197284.0,open,0.0,0.0,0.0,0.0,0.0,
127529.0,197284.0,open,0.0,0.0,0.0,0.0,0.0,
127531.0,197284.0,open,0.0,0.0,0.0,0.0,0.0,
127532.0,197284.0,open,0.0,0.0,0.0,0.0,0.0,
127533.0,197284.0,open,0.0,0.0,0.0,0.0,0.0,
127534.0,197284.0,open,0.0,0.0,0.0,0.0,0.0,
127536.0,197284.0,open,0.0,0.0,0.0,0.0,0.0,
127537.0,197284.0,open,0.0,0.0,0.0,0.0,0.0,
127538.0,197284.0,open,0.0,0.0,0.0,0.0,0.0,
127539.0,197284.0,open,0.0,0.0,0.0,0.0,0.0,
127540.0,197284.0,open,0.0,0.0,0.0,0.0,0.0,
127543.0,197284.0,open,0.0,0.0,0.0,0.0,0.0,
127544.0,197284.0,open,0.0,0.0,0.0,0.0,0.0,
127546.0,197284.0,open,0.0,0.0,0.0,0.0,0.0,
127549.0,197284.0,open,0.0,0.0,0.0,0.0,0.0,
127551.0,197284.0,open,0.0,0.0,0.0,0.0,0.0,
127552.0,197284.0,open,0.0,0.0,0.0,0.0,0.0,
127554.0,197284.0,open,0.0,0.0,0.0,0.0,0.0,
127556.0,197284.0,open,0.0,0.0,0.0,0.0,0.0,
127561.0,197284.0,open,0.0,0.0,0.0,0.0,0.0,
127562.0,197284.0,open,0.0,0.0,0.0,0.0,0.0,
127564.0,197284.0,open,0.0,0.0,0.0,0.0,0.0,
127565.0,197284.0,open,0.0,0.0,0.0,0.0,0.0,
127566.0,197284.0,open,0.0,0.0,0.0,0.0,0.0,
127567.0,197284.0,open,0.0,0.0,0.0,0.0,0.0,
127568.0,197284.0,open,0.0,0.0,0.0,0.0,0.0,
127571.0,197284.0,open,0.0,0.0,0.0,0.0,0.0,
127572.0,197284.0,open,0.0,0.0,0.0,0.0,0.0,
127573.0,197284.0,open,0.0,0.0,0.0,0.0,0.0,
127574.0,197284.0,open,0.0,0.0,0.0,0.0,0.0,
127575.0,197284.0,open,0.0,0.0,0.0,0.0,0.0,
127577.0,197284.0,open,0.0,0.0,0.0,0.0,0.0,
127578.0,197284.0,open,0.0,0.0,0.0,0.0,0.0,
127579.0,197284.0,open,0.0,0.0,0.0,0.0,0.0,
127580.0,197284.0,open,0.0,0.0,0.0,0.0,0.0,
127581.0,197284.0,open,0.0,0.0,0.0,0.0,0.0,
127582.0,197284.0,open,0.0,0.0,0.0,0.0,0.0,
127583.0,197284.0,open,0.0,0.0,0.0,0.0,0.0,
127585.0,197284.0,open,0.0,0.0,0.0,0.0,0.0,
127587.0,197284.0,open,0.0,0.0,0.0,0.0,0.0,
127588.0,197284.0,open,0.0,0.0,0.0,0.0,0.0,
127589.0,197284.0,open,0.0,0.0,0.0,0.0,0.0,
127591.0,197284.0,open,0.0,0.0,0.0,0.0,0.0,
127592.0,197284.0,open,0.0,0.0,0.0,0.0,0.0,
127593.0,197284.0,open,0.0,0.0,0.0,0.0,0.0,
127595.0,197284.0,open,0.0,0.0,0.0,0.0,0.0,
127596.0,197284.0,open,0.0,0.0,0.0,0.0,0.0,
127597.0,197284.0,open,0.0,0.0,0.0,0.0,0.0,
127598.0,197284.0,open,0.0,0.0,0.0,0.0,0.0,
127599.0,197284.0,open,0.0,0.0,0.0,0.0,0.0,
127604.0,197284.0,open,0.0,0.0,0.0,0.0,0.0,
127606.0,197284.0,open,0.0,0.0,0.0,0.0,0.0,
127607.0,197284.0,open,0.0,0.0,0.0,0.0,0.0,
127608.0,197284.0,open,0.0,0.0,0.0,0.0,0.0,
127609.0,197284.0,open,0.0,0.0,0.0,0.0,0.0,
127610.0,197284.0,open,0.0,0.0,0.0,0.0,0.0,
127611.0,197284.0,open,0.0,0.0,0.0,0.0,0.0,
127612.0,197284.0,open,0.0,0.0,0.0,0.0,0.0,
127614.0,197284.0,open,0.0,0.0,0.0,0.0,0.0,
127616.0,197284.0,open,0.0,0.0,0.0,0.0,0.0,
127617.0,197284.0,open,0.0,0.0,0.0,0.0,0.0,
127618.0,197284.0,open,0.0,0.0,0.0,0.0,0.0,
127619.0,197284.0,open,0.0,0.0,0.0,0.0,0.0,
127620.0,197284.0,open,0.0,0.0,0.0,0.0,0.0,
127621.0,197284.0,open,0.0,0.0,0.0,0.0,0.0,
127622.0,197284.0,open,0.0,0.0,0.0,0.0,0.0,
127624.0,197284.0,open,0.0,0.0,0.0,0.0,0.0,
127625.0,197284.0,open,0.0,0.0,0.0,0.0,0.0,
127626.0,197284.0,open,0.0,0.0,0.0,0.0,0.0,
127627.0,197284.0,open,0.0,0.0,0.0,0.0,0.0,
127628.0,197284.0,open,0.0,0.0,0.0,0.0,0.0,
127629.0,197284.0,open,0.0,0.0,0.0,0.0,0.0,
127631.0,197284.0,open,0.0,0.0,0.0,0.0,0.0,
127632.0,197284.0,open,0.0,0.0,0.0,0.0,0.0,
127633.0,197284.0,open,0.0,0.0,0.0,0.0,0.0,
127634.0,197284.0,open,0.0,0.0,0.0,0.0,0.0,
127636.0,197284.0,open,0.0,0.0,0.0,0.0,0.0,
127637.0,197284.0,open,0.0,0.0,0.0,0.0,0.0,
127640.0,197284.0,open,0.0,0.0,0.0,0.0,0.0,
127641.0,197284.0,open,0.0,0.0,0.0,0.0,0.0,
127642.0,197284.0,open,0.0,0.0,0.0,0.0,0.0,
127643.0,197284.0,open,0.0,0.0,0.0,0.0,0.0,
127645.0,197284.0,open,0.0,0.0,0.0,0.0,0.0,
127646.0,197284.0,open,0.0,0.0,0.0,0.0,0.0,
127647.0,197284.0,open,0.0,0.0,0.0,0.0,0.0,
127648.0,197284.0,open,0.0,0.0,0.0,0.0,0.0,
127649.0,197284.0,open,0.0,0.0,0.0,0.0,0.0,
127650.0,197284.0,open,0.0,0.0,0.0,0.0,0.0,
127651.0,197284.0,open,0.0,0.0,0.0,0.0,0.0,
127652.0,197284.0,open,0.0,0.0,0.0,0.0,0.0,
127654.0,197284.0,open,0.0,0.0,0.0,0.0,0.0,
127656.0,197284.0,open,0.0,0.0,0.0,0.0,0.0,
127657.0,197284.0,open,0.0,0.0,0.0,0.0,0.0,
127659.0,197284.0,open,0.0,0.0,0.0,0.0,0.0,
127660.0,197284.0,open,0.0,0.0,0.0,0.0,0.0,
127661.0,197284.0,open,0.0,0.0,0.0,0.0,0.0,
127662.0,197284.0,open,0.0,0.0,0.0,0.0,0.0,
127665.0,197284.0,open,0.0,0.0,0.0,0.0,0.0,
127666.0,197284.0,open,0.0,0.0,0.0,0.0,0.0,
127667.0,197284.0,open,0.0,0.0,0.0,0.0,0.0,
127668.0,197284.0,open,0.0,0.0,0.0,0.0,0.0,
127669.0,197284.0,open,0.0,0.0,0.0,0.0,0.0,
127673.0,197284.0,open,0.0,0.0,0.0,0.0,0.0,
127674.0,197284.0,open,0.0,0.0,0.0,0.0,0.0,
127676.0,197284.0,open,0.0,0.0,0.0,0.0,0.0,
127677.0,197284.0,open,0.0,0.0,0.0,0.0,0.0,
127678.0,197284.0,open,0.0,0.0,0.0,0.0,0.0,
127679.0,197284.0,open,0.0,0.0,0.0,0.0,0.0,
127680.0,197284.0,open,0.0,0.0,0.0,0.0,0.0,
127681.0,197284.0,open,0.0,0.0,0.0,0.0,0.0,
127682.0,197284.0,open,0.0,0.0,0.0,0.0,0.0,
127683.0,197284.0,open,0.0,0.0,0.0,0.0,0.0,
127684.0,197284.0,open,0.0,0.0,0.0,0.0,0.0,
127685.0,197284.0,open,0.0,0.0,0.0,0.0,0.0,
127686.0,197284.0,open,0.0,0.0,0.0,0.0,0.0,
127687.0,197284.0,open,0.0,0.0,0.0,0.0,0.0,
127688.0,197284.0,open,0.0,0.0,0.0,0.0,0.0,
127689.0,197284.0,open,0.0,0.0,0.0,0.0,0.0,
127691.0,197284.0,open,0.0,0.0,0.0,0.0,0.0,
127692.0,197284.0,open,0.0,0.0,0.0,0.0,0.0,
127694.0,197284.0,open,0.0,0.0,0.0,0.0,0.0,
127696.0,197284.0,open,0.0,0.0,0.0,0.0,0.0,
127697.0,197284.0,open,0.0,0.0,0.0,0.0,0.0,
127698.0,197284.0,open,0.0,0.0,0.0,0.0,0.0,
127699.0,197284.0,open,0.0,0.0,0.0,0.0,0.0,
127700.0,197284.0,open,0.0,0.0,0.0,0.0,0.0,
127701.0,197284.0,open,0.0,0.0,0.0,0.0,0.0,
127702.0,197284.0,open,0.0,0.0,0.0,0.0,0.0,
127703.0,197284.0,open,0.0,0.0,0.0,0.0,0.0,
127704.0,197284.0,open,0.0,0.0,0.0,0.0,0.0,
127705.0,197284.0,open,0.0,0.0,0.0,0.0,0.0,
127706.0,197284.0,open,0.0,0.0,0.0,0.0,0.0,
127707.0,197284.0,open,0.0,0.0,0.0,0.0,0.0,
127708.0,197284.0,open,0.0,0.0,0.0,0.0,0.0,
127709.0,197284.0,open,0.0,0.0,0.0,0.0,0.0,
127710.0,197284.0,open,0.0,0.0,0.0,0.0,0.0,
127711.0,197284.0,open,0.0,0.0,0.0,0.0,0.0,
127712.0,197284.0,open,0.0,0.0,0.0,0.0,0.0,
127713.0,197284.0,open,0.0,0.0,0.0,0.0,0.0,
127714.0,197284.0,open,0.0,0.0,0.0,0.0,0.0,
127715.0,197284.0,open,0.0,0.0,0.0,0.0,0.0,
127716.0,197284.0,open,0.0,0.0,0.0,0.0,0.0,
127717.0,197284.0,open,0.0,0.0,0.0,0.0,0.0,
127718.0,197284.0,open,0.0,0.0,0.0,0.0,0.0,
127719.0,197284.0,open,0.0,0.0,0.0,0.0,0.0,
127720.0,197284.0,open,0.0,0.0,0.0,0.0,0.0,
127722.0,197284.0,open,0.0,0.0,0.0,0.0,0.0,
127723.0,197284.0,open,0.0,0.0,0.0,0.0,0.0,
127724.0,197284.0,open,0.0,0.0,0.0,0.0,0.0,
127727.0,197284.0,open,0.0,0.0,0.0,0.0,0.0,
127728.0,197284.0,open,0.0,0.0,0.0,0.0,0.0,
127729.0,197284.0,open,0.0,0.0,0.0,0.0,0.0,
127730.0,197284.0,open,0.0,0.0,0.0,0.0,0.0,
127732.0,197284.0,open,0.0,0.0,0.0,0.0,0.0,
127733.0,197284.0,open,0.0,0.0,0.0,0.0,0.0,
127734.0,197284.0,open,0.0,0.0,0.0,0.0,0.0,
127736.0,197284.0,open,0.0,0.0,0.0,0.0,0.0,
127737.0,197284.0,open,0.0,0.0,0.0,0.0,0.0,
127739.0,197284.0,open,0.0,0.0,0.0,0.0,0.0,
127740.0,197284.0,open,0.0,0.0,0.0,0.0,0.0,
127741.0,197284.0,open,0.0,0.0,0.0,0.0,0.0,
127742.0,197284.0,open,0.0,0.0,0.0,0.0,0.0,
127743.0,197284.0,open,0.0,0.0,0.0,0.0,0.0,
127745.0,197284.0,open,0.0,0.0,0.0,0.0,0.0,
127746.0,197284.0,open,0.0,0.0,0.0,0.0,0.0,
127747.0,197284.0,open,0.0,0.0,0.0,0.0,0.0,
127748.0,197284.0,open,0.0,0.0,0.0,0.0,0.0,
127749.0,197284.0,open,0.0,0.0,0.0,0.0,0.0,
127751.0,197284.0,open,0.0,0.0,0.0,0.0,0.0,
127752.0,197284.0,open,0.0,0.0,0.0,0.0,0.0,
127753.0,197284.0,open,0.0,0.0,0.0,0.0,0.0,
127754.0,197284.0,open,0.0,0.0,0.0,0.0,0.0,
127755.0,197284.0,open,0.0,0.0,0.0,0.0,0.0,
127757.0,197284.0,open,0.0,0.0,0.0,0.0,0.0,
127758.0,197284.0,open,0.0,0.0,0.0,0.0,0.0,
127759.0,197284.0,open,0.0,0.0,0.0,0.0,0.0,
127760.0,197284.0,open,0.0,0.0,0.0,0.0,0.0,
127761.0,197284.0,open,0.0,0.0,0.0,0.0,0.0,
127762.0,197284.0,open,0.0,0.0,0.0,0.0,0.0,
127763.0,197284.0,open,0.0,0.0,0.0,0.0,0.0,
127764.0,197284.0,open,0.0,0.0,0.0,0.0,0.0,
127765.0,197284.0,open,0.0,0.0,0.0,0.0,0.0,
127767.0,197284.0,open,0.0,0.0,0.0,0.0,0.0,
127768.0,197284.0,open,0.0,0.0,0.0,0.0,0.0,
127770.0,197284.0,open,0.0,0.0,0.0,0.0,0.0,
127771.0,197284.0,open,0.0,0.0,0.0,0.0,0.0,
127772.0,197284.0,open,0.0,0.0,0.0,0.0,0.0,
127773.0,197284.0,open,0.0,0.0,0.0,0.0,0.0,
127774.0,197284.0,open,0.0,0.0,0.0,0.0,0.0,
127775.0,197284.0,open,0.0,0.0,0.0,0.0,0.0,
127776.0,197284.0,open,0.0,0.0,0.0,0.0,0.0,
127778.0,197284.0,open,0.0,0.0,0.0,0.0,0.0,
127779.0,197284.0,open,0.0,0.0,0.0,0.0,0.0,
127780.0,197284.0,open,0.0,0.0,0.0,0.0,0.0,
127781.0,197284.0,open,0.0,0.0,0.0,0.0,0.0,
127782.0,197284.0,open,0.0,0.0,0.0,0.0,0.0,
127785.0,197284.0,open,0.0,0.0,0.0,0.0,0.0,
127786.0,197284.0,open,0.0,0.0,0.0,0.0,0.0,
127787.0,197284.0,open,0.0,0.0,0.0,0.0,0.0,
127788.0,197284.0,open,0.0,0.0,0.0,0.0,0.0,
127789.0,197284.0,open,0.0,0.0,0.0,0.0,0.0,
127790.0,197284.0,open,0.0,0.0,0.0,0.0,0.0,
127791.0,197284.0,open,0.0,0.0,0.0,0.0,0.0,
127792.0,197284.0,open,0.0,0.0,0.0,0.0,0.0,
127793.0,197284.0,open,0.0,0.0,0.0,0.0,0.0,
127794.0,197284.0,open,0.0,0.0,0.0,0.0,0.0,
127795.0,197284.0,open,0.0,0.0,0.0,0.0,0.0,
127796.0,197284.0,open,0.0,0.0,0.0,0.0,0.0,
127797.0,197284.0,open,0.0,0.0,0.0,0.0,0.0,
127798.0,197284.0,open,0.0,0.0,0.0,0.0,0.0,
127801.0,197284.0,open,0.0,0.0,0.0,0.0,0.0,
127802.0,197284.0,open,0.0,0.0,0.0,0.0,0.0,
127804.0,197284.0,open,0.0,0.0,0.0,0.0,0.0,
127805.0,197284.0,open,0.0,0.0,0.0,0.0,0.0,
127806.0,197284.0,open,0.0,0.0,0.0,0.0,0.0,
127807.0,197284.0,open,0.0,0.0,0.0,0.0,0.0,
127808.0,197284.0,open,0.0,0.0,0.0,0.0,0.0,
127809.0,197284.0,open,0.0,0.0,0.0,0.0,0.0,
127810.0,197284.0,open,0.0,0.0,0.0,0.0,0.0,
127811.0,197284.0,open,0.0,0.0,0.0,0.0,0.0,
127812.0,197284.0,open,0.0,0.0,0.0,0.0,0.0,
127813.0,197284.0,open,0.0,0.0,0.0,0.0,0.0,
127814.0,197284.0,open,0.0,0.0,0.0,0.0,0.0,
127815.0,197284.0,open,0.0,0.0,0.0,0.0,0.0,
127816.0,197284.0,open,0.0,0.0,0.0,0.0,0.0,
127817.0,197284.0,open,0.0,0.0,0.0,0.0,0.0,
127818.0,197284.0,open,0.0,0.0,0.0,0.0,0.0,
127819.0,197284.0,open,0.0,0.0,0.0,0.0,0.0,
127821.0,197284.0,open,0.0,0.0,0.0,0.0,0.0,
127822.0,197284.0,open,0.0,0.0,0.0,0.0,0.0,
127823.0,197284.0,open,0.0,0.0,0.0,0.0,0.0,
127824.0,197284.0,open,0.0,0.0,0.0,0.0,0.0,
127825.0,197284.0,open,0.0,0.0,0.0,0.0,0.0,
127826.0,197284.0,open,0.0,0.0,0.0,0.0,0.0,
127827.0,197284.0,open,0.0,0.0,0.0,0.0,0.0,
127828.0,197284.0,open,0.0,0.0,0.0,0.0,0.0,
127829.0,197284.0,open,0.0,0.0,0.0,0.0,0.0,
127830.0,197284.0,open,0.0,0.0,0.0,0.0,0.0,
127831.0,197284.0,open,0.0,0.0,0.0,0.0,0.0,
127832.0,197284.0,open,0.0,0.0,0.0,0.0,0.0,
127833.0,197284.0,open,0.0,0.0,0.0,0.0,0.0,
127836.0,197284.0,open,0.0,0.0,0.0,0.0,0.0,
127837.0,197284.0,open,0.0,0.0,0.0,0.0,0.0,
127838.0,197284.0,open,0.0,0.0,0.0,0.0,0.0,
127839.0,197284.0,open,0.0,0.0,0.0,0.0,0.0,
127840.0,197284.0,open,0.0,0.0,0.0,0.0,0.0,
127841.0,197284.0,open,0.0,0.0,0.0,0.0,0.0,
127842.0,197284.0,open,0.0,0.0,0.0,0.0,0.0,
127844.0,197284.0,open,0.0,0.0,0.0,0.0,0.0,
127845.0,197284.0,open,0.0,0.0,0.0,0.0,0.0,
127846.0,197284.0,open,0.0,0.0,0.0,0.0,0.0,
127847.0,197284.0,open,0.0,0.0,0.0,0.0,0.0,
127848.0,197284.0,open,0.0,0.0,0.0,0.0,0.0,
127849.0,197284.0,open,0.0,0.0,0.0,0.0,0.0,
127850.0,197284.0,open,0.0,0.0,0.0,0.0,0.0,
127851.0,197284.0,open,0.0,0.0,0.0,0.0,0.0,
127854.0,197284.0,open,0.0,0.0,0.0,0.0,0.0,
127855.0,197284.0,open,0.0,0.0,0.0,0.0,0.0,
127856.0,197284.0,open,0.0,0.0,0.0,0.0,0.0,
127857.0,197284.0,open,0.0,0.0,0.0,0.0,0.0,
127858.0,197284.0,open,0.0,0.0,0.0,0.0,0.0,
127859.0,197284.0,open,0.0,0.0,0.0,0.0,0.0,
127860.0,197284.0,open,0.0,0.0,0.0,0.0,0.0,
127863.0,197284.0,open,0.0,0.0,0.0,0.0,0.0,
127864.0,197284.0,open,0.0,0.0,0.0,0.0,0.0,
127865.0,197284.0,open,0.0,0.0,0.0,0.0,0.0,
127867.0,197284.0,open,0.0,0.0,0.0,0.0,0.0,
127868.0,197284.0,open,0.0,0.0,0.0,0.0,0.0,
127870.0,197284.0,open,0.0,0.0,0.0,0.0,0.0,
127871.0,197284.0,open,0.0,0.0,0.0,0.0,0.0,
127872.0,197284.0,open,0.0,0.0,0.0,0.0,0.0,
127873.0,197284.0,open,0.0,0.0,0.0,0.0,0.0,
127874.0,197284.0,open,0.0,0.0,0.0,0.0,0.0,
127875.0,197284.0,open,0.0,0.0,0.0,0.0,0.0,
127876.0,197284.0,open,0.0,0.0,0.0,0.0,0.0,
127877.0,197284.0,open,0.0,0.0,0.0,0.0,0.0,
127880.0,197284.0,open,0.0,0.0,0.0,0.0,0.0,
127881.0,197284.0,open,0.0,0.0,0.0,0.0,0.0,
127882.0,197284.0,open,0.0,0.0,0.0,0.0,0.0,
127883.0,197284.0,open,0.0,0.0,0.0,0.0,0.0,
127885.0,197284.0,open,0.0,0.0,0.0,0.0,0.0,
127886.0,197284.0,open,0.0,0.0,0.0,0.0,0.0,
127887.0,197284.0,open,0.0,0.0,0.0,0.0,0.0,
127888.0,197284.0,open,0.0,0.0,0.0,0.0,0.0,
127889.0,197284.0,open,0.0,0.0,0.0,0.0,0.0,
127890.0,197284.0,open,0.0,0.0,0.0,0.0,0.0,
127891.0,197284.0,open,0.0,0.0,0.0,0.0,0.0,
127894.0,197284.0,open,0.0,0.0,0.0,0.0,0.0,
127895.0,197284.0,open,0.0,0.0,0.0,0.0,0.0,
127897.0,197284.0,open,0.0,0.0,0.0,0.0,0.0,
127898.0,197284.0,open,0.0,0.0,0.0,0.0,0.0,
127900.0,197284.0,open,0.0,0.0,0.0,0.0,0.0,
127901.0,197284.0,open,0.0,0.0,0.0,0.0,0.0,
127903.0,197284.0,open,0.0,0.0,0.0,0.0,0.0,
127904.0,197284.0,open,0.0,0.0,0.0,0.0,0.0,
127905.0,197284.0,open,0.0,0.0,0.0,0.0,0.0,
127908.0,197284.0,open,0.0,0.0,0.0,0.0,0.0,
127910.0,197284.0,open,0.0,0.0,0.0,0.0,0.0,
127911.0,197284.0,open,0.0,0.0,0.0,0.0,0.0,
127912.0,197284.0,open,0.0,0.0,0.0,0.0,0.0,
127913.0,197284.0,open,0.0,0.0,0.0,0.0,0.0,
127914.0,197284.0,open,0.0,0.0,0.0,0.0,0.0,
127915.0,197284.0,open,0.0,0.0,0.0,0.0,0.0,
127916.0,197284.0,open,0.0,0.0,0.0,0.0,0.0,
127917.0,197284.0,open,0.0,0.0,0.0,0.0,0.0,
127918.0,197284.0,open,0.0,0.0,0.0,0.0,0.0,
127919.0,197284.0,open,0.0,0.0,0.0,0.0,0.0,
127920.0,197284.0,open,0.0,0.0,0.0,0.0,0.0,
127922.0,197284.0,open,0.0,0.0,0.0,0.0,0.0,
127923.0,197284.0,open,0.0,0.0,0.0,0.0,0.0,
127924.0,197284.0,open,0.0,0.0,0.0,0.0,0.0,
127926.0,197284.0,open,0.0,0.0,0.0,0.0,0.0,
127927.0,197284.0,open,0.0,0.0,0.0,0.0,0.0,
127928.0,197284.0,open,0.0,0.0,0.0,0.0,0.0,
128062.0,195192.0,open,0.0,0.0,0.0,0.0,0.0,
128237.0,193162.0,open,3.0,3.0,3.0,3.0,5.0,
128359.0,198374.0,open,0.0,0.0,0.0,0.0,0.0,
128378.0,199782.0,open,3.0,3.0,3.0,3.0,3.0,
128494.0,199782.0,open,0.0,0.0,0.0,0.0,0.0,
128503.0,200068.0,open,0.0,0.0,0.0,0.0,0.0,
128559.0,200068.0,open,0.0,0.0,0.0,0.0,0.0,
128560.0,200068.0,open,0.0,0.0,0.0,0.0,20.0,
128578.0,199359.0,open,30.0,60.0,90.0,141.0,249.0,
128582.0,199359.0,open,10.0,40.0,50.0,109.0,217.0,
128583.0,199359.0,open,30.0,60.0,81.0,87.0,185.0,
128585.0,199359.0,open,30.0,60.0,87.0,162.0,268.0,
128590.0,199359.0,open,30.0,60.0,81.0,121.0,228.0,
128592.0,199359.0,open,0.0,14.0,26.0,72.0,176.0,
128599.0,199359.0,open,28.0,58.0,80.0,123.0,230.0,
128606.0,199359.0,open,0.0,0.0,0.0,0.0,0.0,
128609.0,199359.0,open,0.0,0.0,0.0,0.0,0.0,
128613.0,199359.0,open,30.0,59.0,89.0,136.0,244.0,
128614.0,199359.0,open,30.0,60.0,90.0,144.0,252.0,
128618.0,199359.0,open,30.0,59.0,71.0,84.0,184.0,
128624.0,199359.0,open,30.0,60.0,90.0,135.0,243.0,
128626.0,199359.0,open,30.0,60.0,86.0,150.0,256.0,
128648.0,199359.0,open,0.0,11.0,39.0,81.0,94.0,
128650.0,199359.0,blocked,0.0,0.0,0.0,0.0,0.0,
128662.0,199359.0,open,0.0,0.0,0.0,0.0,0.0,
128663.0,199359.0,blocked,0.0,0.0,0.0,0.0,0.0,
128664.0,199359.0,open,29.0,52.0,77.0,84.0,178.0,
128666.0,199359.0,open,29.0,58.0,86.0,119.0,217.0,
128668.0,199359.0,open,29.0,59.0,84.0,99.0,206.0,
128672.0,199359.0,open,30.0,60.0,90.0,140.0,235.0,
128674.0,199359.0,open,29.0,58.0,79.0,137.0,244.0,
128676.0,199359.0,open,30.0,60.0,84.0,95.0,201.0,
128682.0,199359.0,open,30.0,60.0,88.0,156.0,264.0,
128690.0,199359.0,open,0.0,0.0,0.0,0.0,5.0,
128691.0,199359.0,open,0.0,0.0,0.0,0.0,0.0,
128698.0,199359.0,open,30.0,60.0,90.0,132.0,237.0,
128703.0,199359.0,open,0.0,8.0,21.0,57.0,60.0,
128708.0,199359.0,blocked,0.0,0.0,0.0,0.0,0.0,
128715.0,199359.0,open,30.0,60.0,78.0,139.0,247.0,
128719.0,199359.0,open,30.0,60.0,89.0,178.0,286.0,
128720.0,199359.0,open,30.0,60.0,85.0,130.0,235.0,
128754.0,3161.0,open,25.0,55.0,85.0,144.0,329.0,
128800.0,193006.0,open,13.0,38.0,68.0,139.0,217.0,
129164.0,199393.0,blocked,0.0,0.0,0.0,0.0,0.0,
129172.0,199393.0,blocked,0.0,0.0,0.0,0.0,0.0,
129174.0,199393.0,blocked,0.0,0.0,0.0,0.0,0.0,
129182.0,199393.0,blocked,0.0,0.0,0.0,0.0,0.0,
129191.0,199393.0,blocked,0.0,0.0,0.0,0.0,0.0,
129194.0,199393.0,blocked,0.0,0.0,0.0,0.0,0.0,
129209.0,199393.0,blocked,0.0,0.0,0.0,0.0,0.0,
129220.0,199393.0,blocked,0.0,0.0,0.0,0.0,0.0,
129222.0,199393.0,blocked,0.0,0.0,0.0,0.0,0.0,
129225.0,199393.0,blocked,0.0,0.0,0.0,0.0,0.0,
129227.0,199393.0,blocked,0.0,0.0,0.0,0.0,0.0,
129229.0,199393.0,blocked,0.0,0.0,0.0,0.0,0.0,
129238.0,199393.0,blocked,0.0,0.0,0.0,0.0,0.0,
129245.0,199393.0,blocked,0.0,0.0,0.0,0.0,0.0,
129246.0,199393.0,blocked,0.0,0.0,0.0,0.0,0.0,
129247.0,199393.0,blocked,0.0,0.0,0.0,0.0,0.0,
129267.0,199393.0,blocked,0.0,0.0,0.0,0.0,0.0,
129290.0,199393.0,blocked,0.0,0.0,0.0,0.0,0.0,
129313.0,199393.0,blocked,0.0,0.0,0.0,0.0,0.0,
129318.0,199393.0,blocked,0.0,0.0,0.0,0.0,0.0,
129332.0,199393.0,blocked,0.0,0.0,0.0,0.0,0.0,
129351.0,199393.0,blocked,0.0,0.0,0.0,0.0,0.0,
129364.0,199393.0,blocked,0.0,0.0,0.0,0.0,0.0,
129368.0,199393.0,blocked,0.0,0.0,0.0,0.0,0.0,
129379.0,199393.0,blocked,0.0,0.0,0.0,0.0,0.0,
129395.0,199393.0,blocked,0.0,0.0,0.0,0.0,0.0,
129398.0,199393.0,blocked,0.0,0.0,0.0,0.0,0.0,
129410.0,199393.0,blocked,0.0,0.0,0.0,0.0,0.0,
129413.0,199393.0,blocked,0.0,0.0,0.0,0.0,0.0,
129415.0,199393.0,blocked,0.0,0.0,0.0,0.0,0.0,
129416.0,199393.0,blocked,0.0,0.0,0.0,0.0,0.0,
129419.0,199393.0,blocked,0.0,0.0,0.0,0.0,0.0,
129447.0,199393.0,blocked,0.0,0.0,0.0,0.0,0.0,
129453.0,199393.0,blocked,0.0,0.0,0.0,0.0,0.0,
129456.0,199393.0,blocked,0.0,0.0,0.0,0.0,0.0,
129460.0,199393.0,blocked,0.0,0.0,0.0,0.0,0.0,
129464.0,199393.0,blocked,0.0,0.0,0.0,0.0,0.0,
129469.0,129647.0,open,0.0,0.0,0.0,0.0,0.0,
129470.0,129647.0,open,0.0,0.0,0.0,2.0,2.0,
129477.0,199393.0,blocked,0.0,0.0,0.0,0.0,0.0,
129485.0,199393.0,blocked,0.0,0.0,0.0,0.0,0.0,
129490.0,199393.0,blocked,0.0,0.0,0.0,0.0,0.0,
129491.0,199393.0,blocked,0.0,0.0,0.0,0.0,0.0,
129510.0,199393.0,blocked,0.0,0.0,0.0,0.0,0.0,
129514.0,199393.0,blocked,0.0,0.0,0.0,0.0,0.0,
129521.0,199393.0,blocked,0.0,0.0,0.0,0.0,0.0,
129522.0,199393.0,blocked,0.0,0.0,0.0,0.0,0.0,
129523.0,199393.0,blocked,0.0,0.0,0.0,0.0,0.0,
129524.0,199393.0,blocked,0.0,0.0,0.0,0.0,0.0,
129582.0,199393.0,blocked,0.0,0.0,0.0,0.0,0.0,
129584.0,199393.0,blocked,0.0,0.0,0.0,0.0,0.0,
129586.0,199393.0,blocked,0.0,0.0,0.0,0.0,0.0,
129587.0,199393.0,blocked,0.0,0.0,0.0,0.0,0.0,
129592.0,199393.0,blocked,0.0,0.0,0.0,0.0,0.0,
129593.0,199393.0,blocked,0.0,0.0,0.0,0.0,0.0,
129597.0,199393.0,blocked,0.0,0.0,0.0,0.0,0.0,
129602.0,199393.0,blocked,0.0,0.0,0.0,0.0,0.0,
129603.0,199393.0,blocked,0.0,0.0,0.0,0.0,0.0,
129887.0,197284.0,open,0.0,0.0,0.0,0.0,0.0,
129888.0,197284.0,open,0.0,0.0,0.0,0.0,0.0,
129889.0,197284.0,open,0.0,0.0,0.0,0.0,0.0,
129891.0,197284.0,open,0.0,0.0,0.0,0.0,0.0,
129892.0,197284.0,open,0.0,0.0,0.0,0.0,0.0,
129894.0,197284.0,open,0.0,0.0,0.0,0.0,0.0,
129896.0,197284.0,open,0.0,0.0,0.0,0.0,0.0,
129897.0,197284.0,open,0.0,0.0,0.0,0.0,0.0,
129898.0,197284.0,open,0.0,0.0,0.0,0.0,0.0,
129899.0,197284.0,open,0.0,0.0,0.0,0.0,0.0,
129900.0,197284.0,open,0.0,0.0,0.0,0.0,0.0,
129901.0,197284.0,open,0.0,0.0,0.0,0.0,0.0,
129903.0,197284.0,open,0.0,0.0,0.0,0.0,0.0,
129906.0,197284.0,open,0.0,0.0,0.0,0.0,0.0,
129907.0,197284.0,open,0.0,0.0,0.0,0.0,0.0,
129909.0,197284.0,open,0.0,0.0,0.0,0.0,0.0,
129912.0,197284.0,open,0.0,0.0,0.0,0.0,0.0,
129913.0,197284.0,open,0.0,0.0,0.0,0.0,0.0,
129915.0,197284.0,open,0.0,0.0,0.0,0.0,0.0,
129916.0,197284.0,open,0.0,0.0,0.0,0.0,0.0,
129917.0,197284.0,open,0.0,0.0,0.0,0.0,0.0,
129918.0,197284.0,open,0.0,0.0,0.0,0.0,0.0,
129919.0,197284.0,open,0.0,0.0,0.0,0.0,0.0,
129923.0,197284.0,open,0.0,0.0,0.0,0.0,0.0,
129924.0,197284.0,open,0.0,0.0,0.0,0.0,0.0,
129926.0,197284.0,open,0.0,0.0,0.0,0.0,0.0,
129927.0,197284.0,open,0.0,0.0,0.0,0.0,0.0,
130602.0,199782.0,open,0.0,0.0,0.0,0.0,0.0,
130604.0,199782.0,open,0.0,0.0,0.0,0.0,0.0,
130613.0,199782.0,open,0.0,0.0,0.0,0.0,0.0,
130614.0,199782.0,open,0.0,0.0,0.0,0.0,0.0,
130615.0,199782.0,open,0.0,0.0,0.0,0.0,0.0,
130626.0,199782.0,open,0.0,0.0,0.0,0.0,0.0,
130638.0,199782.0,open,0.0,0.0,0.0,0.0,0.0,
130642.0,199782.0,open,0.0,0.0,0.0,0.0,0.0,
130644.0,199782.0,open,0.0,0.0,0.0,0.0,0.0,
130648.0,199782.0,open,0.0,0.0,0.0,0.0,0.0,
130650.0,199782.0,open,0.0,0.0,0.0,0.0,0.0,
130654.0,199782.0,open,0.0,0.0,0.0,0.0,0.0,
130668.0,201300.0,open,0.0,0.0,0.0,0.0,0.0,
130669.0,201300.0,open,0.0,0.0,0.0,0.0,0.0,
130895.0,200068.0,open,0.0,0.0,0.0,0.0,0.0,
130901.0,200068.0,open,0.0,0.0,0.0,0.0,0.0,
130946.0,129647.0,open,0.0,0.0,0.0,0.0,0.0,
130961.0,202543.0,open,12.0,42.0,72.0,162.0,323.0,
130965.0,202543.0,open,6.0,36.0,66.0,156.0,317.0,
130967.0,202543.0,open,26.0,56.0,86.0,176.0,331.0,
130971.0,202543.0,open,12.0,42.0,71.0,159.0,320.0,
130972.0,202543.0,open,19.0,49.0,79.0,165.0,321.0,
130974.0,202543.0,open,27.0,57.0,87.0,177.0,338.0,
130978.0,202543.0,open,13.0,43.0,70.0,150.0,311.0,
130980.0,202543.0,open,11.0,39.0,69.0,159.0,320.0,
130983.0,202543.0,open,16.0,46.0,76.0,166.0,327.0,
130984.0,202543.0,open,21.0,51.0,81.0,163.0,324.0,
130989.0,202543.0,open,19.0,49.0,79.0,142.0,303.0,
130994.0,202543.0,open,10.0,10.0,10.0,10.0,10.0,
131004.0,202543.0,open,10.0,33.0,63.0,153.0,314.0,
131006.0,202543.0,open,26.0,56.0,86.0,176.0,337.0,
131031.0,202514.0,open,3.0,34.0,64.0,145.0,215.0,
131032.0,202514.0,open,20.0,50.0,80.0,166.0,236.0,
131043.0,202514.0,open,24.0,54.0,84.0,174.0,244.0,
131061.0,202514.0,open,19.0,49.0,79.0,169.0,239.0,
131101.0,202514.0,open,22.0,52.0,82.0,172.0,242.0,
131102.0,202514.0,open,14.0,44.0,74.0,163.0,233.0,
131116.0,202552.0,open,0.0,0.0,0.0,0.0,0.0,
131154.0,202554.0,open,8.0,24.0,38.0,91.0,196.0,
131314.0,174506.0,open,2.0,26.0,44.0,44.0,44.0,
131324.0,199782.0,open,0.0,0.0,0.0,0.0,0.0,
131326.0,199782.0,open,0.0,0.0,0.0,0.0,0.0,
131436.0,197286.0,open,20.0,50.0,80.0,169.0,220.0,
131788.0,144617.0,blocked,0.0,0.0,0.0,0.0,0.0,
131927.0,199356.0,open,0.0,0.0,8.0,48.0,213.0,
131928.0,199356.0,open,0.0,0.0,0.0,0.0,0.0,
131932.0,199356.0,open,5.0,19.0,27.0,101.0,231.0,
131940.0,199356.0,open,0.0,0.0,0.0,0.0,0.0,
131944.0,199356.0,open,0.0,0.0,16.0,63.0,163.0,
132204.0,176118.0,blocked,8.0,35.0,56.0,125.0,225.0,
132215.0,176118.0,blocked,30.0,60.0,87.0,173.0,285.0,
132229.0,176118.0,blocked,30.0,60.0,87.0,173.0,285.0,
132231.0,176118.0,blocked,17.0,47.0,74.0,160.0,272.0,
132253.0,176118.0,blocked,0.0,0.0,0.0,65.0,177.0,
132371.0,176022.0,open,14.0,44.0,74.0,164.0,349.0,
132457.0,193162.0,open,15.0,45.0,75.0,165.0,277.0,
132458.0,193162.0,open,7.0,37.0,67.0,157.0,208.0,
132506.0,199782.0,open,0.0,0.0,0.0,0.0,0.0,
132507.0,199782.0,open,0.0,0.0,0.0,0.0,0.0,
132508.0,199782.0,open,0.0,0.0,0.0,0.0,0.0,
132515.0,199782.0,open,0.0,0.0,0.0,0.0,0.0,
132527.0,199782.0,open,0.0,0.0,0.0,0.0,0.0,
132528.0,199782.0,open,0.0,0.0,0.0,0.0,0.0,
132529.0,199782.0,open,0.0,0.0,0.0,0.0,0.0,
132532.0,199782.0,open,0.0,0.0,0.0,0.0,0.0,
132534.0,199782.0,open,0.0,0.0,0.0,0.0,0.0,
132542.0,199782.0,open,0.0,0.0,0.0,0.0,0.0,
132549.0,199782.0,open,0.0,0.0,0.0,0.0,0.0,
132553.0,199782.0,open,0.0,0.0,0.0,0.0,0.0,
132919.0,206762.0,open,21.0,37.0,58.0,148.0,333.0,
132920.0,206762.0,open,19.0,44.0,74.0,146.0,331.0,
132938.0,206762.0,open,2.0,23.0,53.0,123.0,285.0,
132939.0,206762.0,open,22.0,44.0,59.0,134.0,302.0,
132940.0,206762.0,open,4.0,18.0,43.0,133.0,230.0,
132945.0,206762.0,open,18.0,32.0,57.0,138.0,307.0,
132950.0,206762.0,open,19.0,33.0,59.0,149.0,325.0,
132954.0,206762.0,open,9.0,18.0,28.0,82.0,193.0,
132958.0,206762.0,open,4.0,31.0,53.0,117.0,237.0,
133075.0,202462.0,open,0.0,0.0,0.0,0.0,0.0,
133178.0,193162.0,open,0.0,0.0,0.0,0.0,0.0,
133185.0,193162.0,open,10.0,40.0,58.0,69.0,185.0,
133189.0,193162.0,open,15.0,45.0,75.0,165.0,246.0,
133412.0,209843.0,open,7.0,33.0,59.0,131.0,215.0,
133431.0,209843.0,open,0.0,0.0,0.0,0.0,0.0,
133454.0,209843.0,blocked,0.0,0.0,0.0,0.0,0.0,
133609.0,4094.0,open,0.0,0.0,0.0,0.0,0.0,
133610.0,4094.0,open,0.0,0.0,0.0,0.0,0.0,
133611.0,4094.0,open,0.0,0.0,0.0,0.0,0.0,
133613.0,4094.0,open,0.0,0.0,0.0,0.0,0.0,
133614.0,4094.0,open,0.0,0.0,0.0,0.0,0.0,
133616.0,4094.0,open,0.0,0.0,0.0,0.0,0.0,
133646.0,193930.0,open,6.0,6.0,6.0,6.0,6.0,
133692.0,211501.0,open,20.0,48.0,72.0,154.0,339.0,
133698.0,211501.0,open,0.0,7.0,21.0,90.0,267.0,
133712.0,211501.0,open,0.0,0.0,0.0,24.0,189.0,
133722.0,211501.0,open,16.0,24.0,36.0,92.0,254.0,
133738.0,211501.0,open,2.0,7.0,15.0,69.0,239.0,
133757.0,211501.0,open,1.0,5.0,13.0,44.0,172.0,
133764.0,211501.0,open,8.0,27.0,35.0,83.0,262.0,
133791.0,211501.0,open,16.0,25.0,46.0,74.0,243.0,
133793.0,211501.0,open,8.0,8.0,8.0,41.0,209.0,
133797.0,211501.0,open,0.0,0.0,0.0,0.0,0.0,
133842.0,211501.0,open,8.0,20.0,45.0,106.0,268.0,
133844.0,211501.0,open,9.0,25.0,29.0,91.0,276.0,
133850.0,211501.0,open,9.0,20.0,30.0,97.0,276.0,
133882.0,211825.0,blocked,0.0,0.0,0.0,0.0,0.0,
133888.0,211825.0,open,29.0,59.0,88.0,173.0,286.0,
133896.0,211825.0,open,30.0,57.0,87.0,172.0,172.0,
133897.0,211825.0,open,30.0,60.0,90.0,91.0,91.0,
133909.0,211825.0,open,30.0,60.0,90.0,91.0,91.0,
133910.0,211825.0,open,29.0,59.0,89.0,90.0,90.0,
133928.0,211825.0,open,28.0,58.0,88.0,89.0,89.0,
133929.0,211825.0,open,30.0,57.0,85.0,113.0,113.0,
134020.0,176118.0,blocked,15.0,44.0,71.0,155.0,267.0,
134021.0,144617.0,open,0.0,0.0,0.0,0.0,0.0,
134036.0,203478.0,open,6.0,28.0,58.0,148.0,215.0,
134044.0,189716.0,open,22.0,48.0,75.0,165.0,291.0,
134046.0,176118.0,blocked,27.0,57.0,84.0,170.0,282.0,
134424.0,202514.0,open,10.0,10.0,10.0,60.0,130.0,
134509.0,202514.0,open,23.0,49.0,79.0,169.0,239.0,
134513.0,202557.0,open,22.0,49.0,79.0,165.0,350.0,
134619.0,213891.0,blocked,0.0,0.0,0.0,0.0,0.0,
134734.0,202557.0,open,25.0,55.0,80.0,80.0,80.0,
135155.0,146269.0,open,16.0,26.0,36.0,109.0,252.0,
135159.0,146269.0,open,10.0,21.0,25.0,109.0,252.0,
135248.0,199359.0,open,0.0,0.0,0.0,50.0,159.0,
135414.0,74576.0,open,0.0,15.0,45.0,130.0,245.0,
135550.0,181698.0,open,5.0,13.0,23.0,63.0,164.0,
135551.0,181698.0,open,3.0,14.0,21.0,45.0,145.0,
135552.0,181698.0,open,9.0,18.0,34.0,56.0,193.0,
135556.0,181698.0,open,6.0,6.0,21.0,46.0,186.0,
135566.0,181698.0,open,2.0,12.0,27.0,67.0,242.0,
135574.0,171028.0,open,24.0,52.0,78.0,128.0,288.0,
136423.0,211501.0,open,8.0,18.0,20.0,47.0,200.0,
136424.0,211501.0,open,9.0,23.0,25.0,56.0,205.0,
136646.0,199349.0,open,8.0,38.0,68.0,158.0,328.0,
136660.0,199349.0,open,7.0,37.0,67.0,157.0,327.0,
136954.0,176117.0,open,30.0,60.0,90.0,180.0,356.0,
137093.0,7454.0,open,19.0,48.0,77.0,158.0,313.0,
138573.0,199349.0,open,15.0,16.0,16.0,105.0,275.0,
138580.0,111413.0,open,6.0,19.0,36.0,124.0,299.0,
140736.0,189716.0,open,17.0,47.0,77.0,167.0,352.0,
141527.0,238396.0,open,8.0,38.0,68.0,150.0,293.0,
141838.0,199359.0,open,0.0,0.0,0.0,0.0,0.0,
141927.0,171477.0,open,30.0,51.0,76.0,102.0,214.0,
142692.0,74576.0,open,15.0,15.0,29.0,119.0,304.0,
142806.0,248356.0,open,25.0,52.0,82.0,172.0,354.0,
142810.0,248356.0,open,24.0,49.0,72.0,162.0,347.0,
142817.0,248356.0,open,16.0,40.0,56.0,125.0,303.0,
142819.0,248356.0,open,24.0,52.0,82.0,172.0,357.0,
142820.0,248356.0,open,25.0,49.0,75.0,165.0,350.0,
142821.0,248356.0,open,21.0,49.0,66.0,144.0,316.0,
142824.0,248356.0,open,25.0,55.0,85.0,172.0,357.0,
142831.0,248356.0,open,25.0,55.0,81.0,161.0,346.0,
142835.0,248356.0,open,19.0,43.0,65.0,146.0,328.0,
142837.0,248356.0,open,13.0,41.0,65.0,150.0,335.0,
142841.0,248356.0,open,19.0,48.0,72.0,160.0,345.0,
142846.0,248356.0,open,26.0,56.0,72.0,157.0,338.0,
142854.0,248356.0,open,18.0,40.0,59.0,117.0,300.0,
142855.0,248356.0,open,12.0,29.0,38.0,95.0,259.0,
142861.0,248356.0,open,14.0,34.0,46.0,94.0,259.0,
142862.0,248356.0,open,16.0,41.0,53.0,107.0,278.0,
142867.0,248356.0,open,26.0,56.0,85.0,175.0,360.0,
142868.0,248356.0,open,12.0,26.0,26.0,93.0,252.0,
142870.0,248356.0,open,27.0,52.0,78.0,165.0,350.0,
142872.0,248356.0,open,21.0,42.0,60.0,128.0,313.0,
142874.0,248356.0,open,29.0,54.0,80.0,170.0,355.0,
142876.0,248356.0,open,18.0,41.0,71.0,161.0,346.0,
142877.0,248356.0,open,19.0,41.0,59.0,113.0,298.0,
142879.0,248356.0,open,23.0,52.0,82.0,169.0,354.0,
142880.0,248356.0,open,22.0,44.0,61.0,105.0,283.0,
142885.0,248356.0,open,27.0,57.0,87.0,172.0,357.0,
142896.0,248356.0,open,16.0,41.0,61.0,117.0,289.0,
143144.0,211825.0,open,30.0,60.0,90.0,91.0,91.0,
143284.0,111413.0,open,30.0,60.0,90.0,179.0,364.0,
143345.0,199359.0,open,9.0,39.0,58.0,129.0,238.0,
143782.0,193930.0,open,19.0,49.0,79.0,156.0,156.0,
143918.0,259541.0,open,30.0,59.0,89.0,178.0,289.0,
143955.0,259541.0,open,29.0,59.0,89.0,179.0,290.0,
144472.0,263661.0,open,0.0,13.0,38.0,100.0,169.0,
144511.0,263661.0,open,0.0,24.0,54.0,138.0,289.0,
144555.0,263661.0,open,8.0,33.0,63.0,153.0,338.0,
144576.0,263661.0,open,0.0,15.0,45.0,135.0,167.0,
144639.0,263661.0,open,2.0,18.0,43.0,113.0,229.0,
145155.0,265283.0,open,30.0,56.0,86.0,176.0,291.0,
145162.0,265283.0,open,0.0,0.0,30.0,68.0,183.0,
145295.0,265283.0,open,0.0,8.0,28.0,77.0,190.0,
145309.0,265283.0,open,0.0,0.0,13.0,28.0,46.0,
145331.0,265283.0,open,0.0,0.0,23.0,78.0,193.0,
145543.0,251452.0,open,0.0,0.0,0.0,0.0,0.0,
145961.0,266503.0,blocked,5.0,31.0,61.0,151.0,271.0,
146185.0,267471.0,open,2.0,12.0,42.0,112.0,168.0,
146189.0,267471.0,open,9.0,9.0,17.0,78.0,169.0,
146190.0,267471.0,open,10.0,40.0,70.0,88.0,88.0,
146195.0,267471.0,open,8.0,18.0,29.0,97.0,196.0,
146200.0,267471.0,open,6.0,34.0,62.0,126.0,210.0,
147282.0,267013.0,open,13.0,15.0,25.0,93.0,278.0,
147319.0,267013.0,open,15.0,45.0,69.0,148.0,319.0,
147350.0,267013.0,open,2.0,2.0,10.0,39.0,156.0,
147636.0,249398.0,open,8.0,22.0,31.0,99.0,284.0,
147637.0,249398.0,open,15.0,36.0,53.0,135.0,320.0,
147641.0,249398.0,open,22.0,42.0,59.0,140.0,325.0,
147642.0,249398.0,open,20.0,49.0,71.0,156.0,280.0,
147643.0,249398.0,open,0.0,18.0,48.0,138.0,323.0,
147650.0,249398.0,open,18.0,48.0,78.0,157.0,342.0,
147651.0,249398.0,open,16.0,35.0,48.0,113.0,226.0,
147652.0,249398.0,open,13.0,25.0,40.0,75.0,133.0,
147653.0,249398.0,open,19.0,49.0,79.0,169.0,283.0,
147655.0,249398.0,open,25.0,44.0,74.0,132.0,132.0,
147908.0,263734.0,open,13.0,43.0,73.0,146.0,227.0,
147909.0,263734.0,open,0.0,0.0,0.0,0.0,26.0,
147910.0,263734.0,open,0.0,0.0,0.0,37.0,178.0,
147911.0,263734.0,open,10.0,40.0,70.0,144.0,285.0,
147914.0,263734.0,open,0.0,0.0,7.0,86.0,257.0,
147917.0,263734.0,open,30.0,58.0,88.0,148.0,315.0,
147920.0,263734.0,open,0.0,14.0,44.0,134.0,279.0,
147924.0,263734.0,open,0.0,0.0,0.0,0.0,0.0,
147927.0,263734.0,open,0.0,0.0,0.0,0.0,60.0,
147929.0,263734.0,open,29.0,59.0,89.0,163.0,334.0,
147931.0,263734.0,open,30.0,51.0,79.0,143.0,291.0,
147942.0,263734.0,open,6.0,36.0,64.0,144.0,287.0,
147943.0,263734.0,open,10.0,36.0,66.0,140.0,311.0,
147944.0,263734.0,open,0.0,5.0,31.0,75.0,128.0,
147954.0,263734.0,open,30.0,60.0,90.0,158.0,329.0,
147957.0,263734.0,open,0.0,0.0,25.0,69.0,210.0,
147962.0,263734.0,open,0.0,0.0,0.0,32.0,203.0,
147972.0,263734.0,open,0.0,0.0,13.0,81.0,98.0,
148018.0,269970.0,open,0.0,0.0,0.0,0.0,0.0,
148024.0,267013.0,open,19.0,23.0,46.0,98.0,284.0,
148043.0,273526.0,open,13.0,37.0,52.0,125.0,305.0,
148049.0,273526.0,open,9.0,28.0,31.0,86.0,250.0,
148056.0,273526.0,open,1.0,7.0,20.0,98.0,216.0,
148060.0,273526.0,open,15.0,38.0,54.0,130.0,273.0,
148064.0,273526.0,open,8.0,29.0,38.0,125.0,303.0,
148066.0,273526.0,open,16.0,29.0,36.0,80.0,210.0,
148135.0,273510.0,open,18.0,43.0,58.0,136.0,321.0,
148149.0,273510.0,open,30.0,36.0,36.0,36.0,36.0,
148315.0,261668.0,open,0.0,0.0,0.0,0.0,0.0,
148567.0,272949.0,blocked,0.0,0.0,0.0,0.0,0.0,
148602.0,272949.0,open,20.0,48.0,65.0,114.0,221.0,
148688.0,275368.0,open,25.0,55.0,85.0,160.0,236.0,
148690.0,275368.0,open,0.0,21.0,22.0,52.0,79.0,
148691.0,275368.0,open,24.0,54.0,84.0,140.0,217.0,
148706.0,275368.0,open,7.0,37.0,67.0,134.0,206.0,
148711.0,275368.0,open,27.0,54.0,84.0,159.0,236.0,
148715.0,275368.0,open,10.0,40.0,70.0,119.0,154.0,
148721.0,275368.0,open,26.0,56.0,86.0,169.0,246.0,
148723.0,275368.0,open,17.0,17.0,47.0,117.0,191.0,
148724.0,275368.0,open,0.0,30.0,60.0,134.0,211.0,
148729.0,275368.0,open,22.0,52.0,70.0,143.0,210.0,
148732.0,275368.0,open,19.0,49.0,79.0,154.0,231.0,
148733.0,275368.0,open,13.0,43.0,70.0,125.0,202.0,
148734.0,275368.0,open,19.0,49.0,79.0,128.0,195.0,
148737.0,275368.0,open,0.0,30.0,60.0,143.0,220.0,
148738.0,275368.0,open,27.0,57.0,87.0,165.0,227.0,
148739.0,275368.0,open,25.0,55.0,82.0,147.0,224.0,
148741.0,275368.0,open,22.0,52.0,82.0,106.0,180.0,
148749.0,275368.0,open,15.0,45.0,72.0,161.0,238.0,
148750.0,275368.0,open,5.0,5.0,5.0,5.0,5.0,
148751.0,275368.0,open,22.0,52.0,72.0,142.0,219.0,
148753.0,275368.0,open,27.0,28.0,28.0,89.0,166.0,
148754.0,275368.0,open,23.0,53.0,83.0,158.0,235.0,
148757.0,275368.0,open,24.0,54.0,84.0,86.0,145.0,
148761.0,275368.0,open,23.0,53.0,83.0,164.0,241.0,
148762.0,275368.0,open,26.0,56.0,86.0,173.0,248.0,
148763.0,275368.0,open,25.0,55.0,85.0,167.0,240.0,
148769.0,275368.0,open,11.0,11.0,11.0,97.0,174.0,
148770.0,275368.0,open,7.0,7.0,7.0,7.0,7.0,
148774.0,275368.0,open,24.0,54.0,84.0,138.0,206.0,
148777.0,275368.0,open,19.0,49.0,68.0,126.0,194.0,
148778.0,275368.0,open,12.0,12.0,12.0,20.0,97.0,
148781.0,275368.0,open,20.0,50.0,80.0,155.0,228.0,
148784.0,275368.0,open,19.0,49.0,70.0,127.0,202.0,
148786.0,275368.0,open,22.0,52.0,82.0,151.0,228.0,
148789.0,275368.0,open,17.0,45.0,75.0,151.0,228.0,
148790.0,275368.0,open,24.0,54.0,84.0,161.0,238.0,
148791.0,275368.0,open,22.0,52.0,76.0,128.0,205.0,
148794.0,275368.0,open,0.0,14.0,36.0,94.0,171.0,
148796.0,275368.0,open,23.0,53.0,83.0,165.0,240.0,
148801.0,275368.0,open,16.0,46.0,73.0,130.0,208.0,
148808.0,275368.0,open,23.0,53.0,83.0,173.0,250.0,
148812.0,275368.0,open,23.0,47.0,72.0,100.0,177.0,
148813.0,275368.0,open,21.0,51.0,81.0,152.0,229.0,
148822.0,275368.0,open,13.0,43.0,66.0,145.0,220.0,
148827.0,275368.0,open,0.0,19.0,43.0,109.0,185.0,
148828.0,275366.0,open,12.0,38.0,68.0,154.0,311.0,
148829.0,275368.0,open,22.0,52.0,82.0,138.0,215.0,
148830.0,275368.0,open,22.0,52.0,82.0,119.0,189.0,
149634.0,275367.0,open,2.0,18.0,37.0,105.0,272.0,
149740.0,276392.0,open,9.0,34.0,59.0,93.0,247.0,
149741.0,276392.0,open,2.0,13.0,18.0,52.0,188.0,
149756.0,276392.0,open,17.0,38.0,60.0,137.0,309.0,
149763.0,276392.0,open,0.0,0.0,5.0,46.0,222.0,
149766.0,276392.0,open,0.0,10.0,18.0,72.0,162.0,
149769.0,276392.0,open,19.0,44.0,68.0,152.0,295.0,
149775.0,276392.0,open,15.0,38.0,55.0,143.0,286.0,
149781.0,276392.0,open,25.0,55.0,85.0,175.0,351.0,
149783.0,276392.0,open,21.0,51.0,81.0,161.0,337.0,
149794.0,276392.0,open,9.0,29.0,46.0,82.0,225.0,
149799.0,276392.0,open,24.0,30.0,50.0,107.0,243.0,
149800.0,276392.0,open,2.0,15.0,30.0,100.0,151.0,
149807.0,276392.0,open,14.0,40.0,67.0,155.0,331.0,
149815.0,276392.0,open,0.0,17.0,34.0,88.0,264.0,
149817.0,276392.0,open,0.0,14.0,23.0,113.0,289.0,
149824.0,276392.0,open,27.0,50.0,75.0,161.0,337.0,
149827.0,276392.0,open,15.0,45.0,75.0,145.0,296.0,
149841.0,276392.0,open,20.0,44.0,67.0,138.0,314.0,
150770.0,259541.0,open,30.0,60.0,90.0,180.0,291.0,
150824.0,258474.0,open,29.0,59.0,87.0,173.0,344.0,
150907.0,259542.0,open,11.0,29.0,59.0,149.0,256.0,
150972.0,128656.0,blocked,0.0,0.0,0.0,0.0,0.0,
150973.0,128656.0,blocked,0.0,0.0,0.0,0.0,0.0,
150976.0,128656.0,blocked,0.0,0.0,0.0,0.0,0.0,
150977.0,128656.0,blocked,0.0,0.0,0.0,0.0,0.0,
150982.0,128656.0,blocked,0.0,0.0,0.0,0.0,0.0,
151385.0,273104.0,open,20.0,31.0,56.0,138.0,323.0,
151557.0,278608.0,open,30.0,56.0,86.0,176.0,302.0,
151560.0,278608.0,open,17.0,47.0,77.0,149.0,259.0,
151561.0,278608.0,open,19.0,49.0,76.0,160.0,345.0,
151562.0,278608.0,open,12.0,42.0,58.0,109.0,204.0,
151564.0,278608.0,open,16.0,46.0,57.0,134.0,202.0,
151565.0,278608.0,open,20.0,31.0,50.0,127.0,302.0,
151567.0,278608.0,open,14.0,44.0,54.0,136.0,228.0,
151571.0,278608.0,open,28.0,55.0,85.0,163.0,258.0,
151574.0,278608.0,open,19.0,24.0,48.0,119.0,301.0,
151575.0,278608.0,open,30.0,60.0,87.0,177.0,303.0,
151577.0,278608.0,open,17.0,38.0,61.0,145.0,253.0,
151579.0,278608.0,open,16.0,46.0,74.0,156.0,341.0,
151580.0,278608.0,open,27.0,27.0,41.0,122.0,186.0,
151581.0,278608.0,open,30.0,60.0,90.0,180.0,365.0,
151587.0,278608.0,open,0.0,14.0,44.0,131.0,243.0,
151588.0,278608.0,open,18.0,48.0,75.0,165.0,277.0,
151596.0,278608.0,open,19.0,45.0,75.0,153.0,250.0,
151597.0,278608.0,open,30.0,60.0,81.0,149.0,266.0,
151602.0,278608.0,open,24.0,54.0,79.0,168.0,294.0,
151605.0,278608.0,open,22.0,52.0,61.0,127.0,305.0,
151606.0,278608.0,open,17.0,17.0,17.0,17.0,17.0,
151607.0,278608.0,open,27.0,57.0,86.0,169.0,264.0,
151610.0,278608.0,open,6.0,26.0,48.0,115.0,271.0,
151613.0,278608.0,open,0.0,14.0,44.0,134.0,241.0,
151615.0,278608.0,open,0.0,14.0,44.0,134.0,215.0,
151620.0,278608.0,open,18.0,40.0,62.0,116.0,301.0,
151621.0,278608.0,open,18.0,32.0,56.0,128.0,226.0,
152063.0,281820.0,open,4.0,12.0,17.0,61.0,117.0,
152065.0,281820.0,open,6.0,13.0,24.0,56.0,183.0,
152066.0,281820.0,open,7.0,26.0,32.0,89.0,261.0,
152262.0,188916.0,blocked,0.0,0.0,0.0,0.0,0.0,
152280.0,188916.0,open,24.0,54.0,84.0,172.0,328.0,
152321.0,269969.0,open,27.0,52.0,77.0,148.0,333.0,
152527.0,261663.0,open,0.0,26.0,56.0,111.0,157.0,
152528.0,261663.0,open,0.0,23.0,53.0,125.0,226.0,
152529.0,261663.0,open,2.0,17.0,23.0,113.0,228.0,
152530.0,261663.0,open,4.0,24.0,42.0,127.0,242.0,
152533.0,261663.0,open,13.0,27.0,34.0,95.0,166.0,
152540.0,261663.0,open,4.0,12.0,23.0,66.0,141.0,
152541.0,261663.0,open,10.0,36.0,66.0,151.0,266.0,
152560.0,281501.0,open,30.0,60.0,90.0,180.0,365.0,
152871.0,3161.0,open,25.0,39.0,69.0,147.0,332.0,
152882.0,3161.0,open,15.0,37.0,51.0,62.0,218.0,
152904.0,171040.0,open,7.0,7.0,37.0,127.0,300.0,
153495.0,188916.0,open,0.0,0.0,0.0,0.0,0.0,
153870.0,258474.0,open,13.0,43.0,72.0,156.0,327.0,
153875.0,281820.0,open,7.0,11.0,29.0,91.0,240.0,
153879.0,281820.0,open,0.0,5.0,30.0,111.0,296.0,
153881.0,281820.0,open,5.0,13.0,29.0,74.0,200.0,
153882.0,281820.0,open,8.0,23.0,40.0,108.0,287.0,
153883.0,281820.0,open,5.0,7.0,21.0,71.0,245.0,
153886.0,281820.0,open,5.0,18.0,29.0,98.0,237.0,
153890.0,281820.0,open,7.0,18.0,28.0,79.0,244.0,
153891.0,281820.0,open,19.0,35.0,56.0,110.0,295.0,
153892.0,281820.0,open,6.0,16.0,28.0,71.0,230.0,
153987.0,270946.0,open,7.0,31.0,55.0,115.0,300.0,
154011.0,270946.0,open,14.0,34.0,54.0,130.0,313.0,
154031.0,270946.0,open,19.0,43.0,62.0,124.0,309.0,
154037.0,270946.0,open,15.0,39.0,66.0,130.0,315.0,
154047.0,270946.0,open,4.0,27.0,44.0,101.0,282.0,
154104.0,288649.0,open,3.0,25.0,39.0,53.0,218.0,
154106.0,288649.0,open,7.0,35.0,61.0,137.0,319.0,
154109.0,288649.0,open,11.0,18.0,37.0,119.0,286.0,
154111.0,288649.0,open,17.0,38.0,51.0,97.0,259.0,
154112.0,288649.0,open,17.0,47.0,77.0,167.0,352.0,
154113.0,288649.0,open,18.0,43.0,59.0,116.0,283.0,
154115.0,288649.0,open,9.0,34.0,64.0,128.0,274.0,
154116.0,288649.0,open,10.0,40.0,59.0,123.0,302.0,
154119.0,288649.0,open,14.0,36.0,63.0,150.0,332.0,
154120.0,288649.0,open,22.0,52.0,79.0,169.0,343.0,
154121.0,288649.0,open,13.0,40.0,64.0,127.0,310.0,
154125.0,288649.0,open,12.0,41.0,71.0,141.0,303.0,
154134.0,288649.0,open,20.0,49.0,76.0,166.0,346.0,
154137.0,288649.0,open,15.0,45.0,67.0,140.0,320.0,
154140.0,288649.0,open,20.0,45.0,75.0,165.0,350.0,
154144.0,288649.0,open,24.0,55.0,85.0,175.0,360.0,
154151.0,288649.0,open,28.0,56.0,79.0,117.0,265.0,
154158.0,288649.0,open,17.0,45.0,74.0,160.0,341.0,
154161.0,288649.0,open,23.0,51.0,76.0,165.0,349.0,
154167.0,288649.0,open,18.0,44.0,74.0,153.0,329.0,
154168.0,288649.0,open,6.0,30.0,47.0,113.0,275.0,
154171.0,288649.0,open,16.0,41.0,66.0,122.0,289.0,
154173.0,288649.0,open,17.0,47.0,71.0,152.0,337.0,
154188.0,288648.0,open,2.0,27.0,38.0,97.0,201.0,
154189.0,288648.0,open,10.0,40.0,51.0,107.0,263.0,
154190.0,288648.0,open,9.0,26.0,29.0,62.0,201.0,
154200.0,288648.0,open,7.0,21.0,28.0,102.0,255.0,
154202.0,288648.0,open,15.0,25.0,29.0,61.0,217.0,
154205.0,288648.0,open,14.0,28.0,33.0,87.0,191.0,
154209.0,288648.0,open,8.0,19.0,39.0,79.0,174.0,
154219.0,288648.0,open,10.0,18.0,26.0,87.0,224.0,
154230.0,288648.0,open,6.0,13.0,21.0,73.0,182.0,
154235.0,288648.0,open,6.0,14.0,17.0,54.0,194.0,
154240.0,288648.0,open,0.0,0.0,4.0,35.0,35.0,
154251.0,288648.0,open,0.0,0.0,6.0,47.0,192.0,
154254.0,288648.0,open,17.0,33.0,45.0,93.0,244.0,
154259.0,288648.0,open,9.0,22.0,35.0,90.0,242.0,
154261.0,288648.0,open,0.0,0.0,0.0,0.0,0.0,
154267.0,288648.0,open,12.0,39.0,58.0,126.0,278.0,
154269.0,288648.0,open,13.0,13.0,20.0,81.0,237.0,
154270.0,288648.0,open,10.0,30.0,59.0,149.0,305.0,
154273.0,288648.0,open,9.0,39.0,50.0,103.0,254.0,
154278.0,288648.0,open,8.0,36.0,60.0,131.0,287.0,
154289.0,288648.0,open,9.0,34.0,56.0,118.0,261.0,
154291.0,288648.0,open,22.0,40.0,44.0,95.0,137.0,
154292.0,288648.0,open,16.0,30.0,38.0,89.0,235.0,
154293.0,288648.0,open,11.0,37.0,61.0,147.0,290.0,
154298.0,288648.0,open,2.0,5.0,5.0,21.0,148.0,
154332.0,288648.0,open,10.0,32.0,60.0,138.0,294.0,
154333.0,288648.0,open,10.0,26.0,47.0,137.0,288.0,
154335.0,288648.0,open,3.0,14.0,16.0,38.0,189.0,
154336.0,288648.0,open,0.0,19.0,19.0,45.0,189.0,
154337.0,288648.0,open,1.0,10.0,18.0,53.0,200.0,
154342.0,288648.0,open,9.0,33.0,48.0,96.0,252.0,
154350.0,288648.0,open,7.0,19.0,24.0,64.0,220.0,
154351.0,288648.0,open,4.0,21.0,35.0,85.0,232.0,
154353.0,288648.0,open,14.0,31.0,32.0,70.0,226.0,
154356.0,288648.0,open,10.0,26.0,50.0,134.0,290.0,
154375.0,288648.0,open,12.0,28.0,34.0,95.0,249.0,
154376.0,288648.0,open,7.0,31.0,43.0,78.0,234.0,
154377.0,288648.0,open,11.0,39.0,58.0,113.0,263.0,
154381.0,288648.0,open,8.0,22.0,22.0,84.0,212.0,
154383.0,288648.0,open,22.0,40.0,52.0,135.0,273.0,
154397.0,288648.0,open,3.0,26.0,50.0,93.0,223.0,
154404.0,288648.0,open,5.0,25.0,31.0,72.0,210.0,
154418.0,288648.0,open,6.0,17.0,24.0,59.0,211.0,
154489.0,288742.0,open,0.0,0.0,0.0,0.0,0.0,
154490.0,288742.0,open,0.0,0.0,0.0,0.0,0.0,
154910.0,276392.0,open,30.0,60.0,90.0,174.0,350.0,
154917.0,144617.0,open,4.0,10.0,10.0,39.0,130.0,
154990.0,188916.0,open,25.0,55.0,85.0,175.0,358.0,
155021.0,188916.0,open,30.0,60.0,90.0,180.0,336.0,
155127.0,3161.0,open,24.0,54.0,84.0,145.0,307.0,
155197.0,193162.0,open,11.0,20.0,50.0,122.0,234.0,
155236.0,211501.0,open,11.0,41.0,66.0,156.0,341.0,
155261.0,249398.0,open,0.0,20.0,32.0,106.0,291.0,
155268.0,296778.0,open,30.0,57.0,70.0,92.0,189.0,
155285.0,249398.0,open,19.0,46.0,72.0,148.0,333.0,
155396.0,298179.0,open,9.0,22.0,31.0,68.0,199.0,
155399.0,298179.0,open,7.0,29.0,59.0,123.0,308.0,
155427.0,288648.0,open,1.0,11.0,13.0,36.0,173.0,
155434.0,288648.0,open,16.0,16.0,16.0,16.0,16.0,
155476.0,129656.0,open,15.0,17.0,43.0,131.0,303.0,
155489.0,111413.0,open,19.0,49.0,79.0,169.0,353.0,
155593.0,202514.0,open,24.0,54.0,84.0,174.0,244.0,
155601.0,202554.0,open,28.0,57.0,87.0,177.0,289.0,
156325.0,276694.0,open,7.0,22.0,44.0,93.0,203.0,
156390.0,301643.0,open,9.0,39.0,57.0,147.0,258.0,
156394.0,301643.0,open,17.0,45.0,70.0,130.0,315.0,
156395.0,301643.0,open,0.0,24.0,49.0,129.0,272.0,
156401.0,301643.0,open,18.0,46.0,63.0,136.0,262.0,
156404.0,301643.0,open,21.0,49.0,73.0,163.0,294.0,
156405.0,301643.0,open,26.0,51.0,77.0,164.0,290.0,
156488.0,288648.0,open,24.0,40.0,54.0,74.0,211.0,
156490.0,288648.0,open,24.0,48.0,59.0,98.0,235.0,
156578.0,216337.0,open,20.0,44.0,74.0,145.0,145.0,
156659.0,277150.0,blocked,2.0,4.0,4.0,4.0,4.0,
157537.0,288648.0,open,0.0,21.0,40.0,101.0,245.0,
157561.0,278608.0,open,30.0,60.0,82.0,172.0,357.0,
157573.0,176117.0,open,24.0,54.0,84.0,174.0,350.0,
157587.0,278608.0,open,21.0,46.0,65.0,149.0,333.0,
157721.0,310711.0,open,11.0,29.0,46.0,101.0,280.0,
157723.0,310711.0,open,21.0,51.0,65.0,65.0,218.0,
157724.0,310711.0,open,18.0,43.0,63.0,125.0,294.0,
157726.0,192884.0,open,13.0,27.0,36.0,82.0,209.0,
157730.0,192884.0,open,18.0,48.0,66.0,86.0,271.0,
157734.0,295217.0,open,18.0,46.0,67.0,131.0,228.0,
157740.0,295217.0,open,29.0,59.0,77.0,160.0,259.0,
157743.0,295217.0,open,11.0,11.0,24.0,99.0,185.0,
157744.0,295217.0,open,0.0,25.0,53.0,136.0,245.0,
157749.0,295217.0,open,24.0,41.0,67.0,134.0,209.0,
157750.0,295217.0,open,28.0,56.0,86.0,170.0,282.0,
157753.0,295217.0,open,29.0,59.0,89.0,157.0,264.0,
157754.0,295217.0,open,27.0,56.0,86.0,171.0,276.0,
157775.0,295217.0,open,26.0,57.0,80.0,157.0,261.0,
157776.0,295217.0,open,26.0,46.0,76.0,140.0,216.0,
157778.0,295217.0,open,25.0,55.0,85.0,167.0,279.0,
157780.0,295217.0,open,19.0,50.0,74.0,136.0,246.0,
157781.0,295217.0,open,24.0,43.0,53.0,128.0,230.0,
157785.0,295217.0,open,25.0,43.0,69.0,119.0,170.0,
157795.0,302672.0,open,8.0,25.0,46.0,132.0,315.0,
157797.0,302672.0,open,7.0,35.0,61.0,148.0,333.0,
157798.0,302672.0,open,9.0,17.0,36.0,122.0,304.0,
157799.0,302672.0,open,3.0,16.0,26.0,78.0,250.0,
157801.0,302672.0,open,11.0,23.0,47.0,119.0,298.0,
157802.0,302672.0,open,2.0,16.0,30.0,115.0,295.0,
157884.0,3161.0,open,25.0,50.0,80.0,168.0,344.0,
157949.0,111413.0,open,22.0,42.0,68.0,145.0,308.0,
157968.0,249398.0,open,0.0,16.0,30.0,87.0,258.0,
157983.0,249398.0,open,28.0,51.0,72.0,155.0,174.0,
157987.0,296778.0,open,26.0,53.0,80.0,141.0,252.0,
158424.0,202514.0,open,22.0,52.0,82.0,142.0,212.0,
158426.0,202543.0,open,2.0,32.0,62.0,152.0,313.0,
158438.0,293632.0,open,8.0,19.0,49.0,103.0,288.0,
158443.0,281502.0,open,6.0,18.0,38.0,122.0,270.0,
158542.0,258474.0,open,29.0,59.0,89.0,176.0,347.0,
158552.0,183533.0,open,0.0,0.0,0.0,0.0,0.0,
158658.0,171028.0,open,26.0,56.0,86.0,159.0,319.0,
158668.0,270946.0,open,14.0,38.0,56.0,128.0,306.0,
158675.0,3057.0,open,0.0,0.0,0.0,4.0,108.0,
158756.0,301642.0,open,8.0,25.0,43.0,92.0,271.0,
158758.0,301642.0,open,5.0,23.0,32.0,79.0,224.0,
158759.0,301642.0,open,11.0,41.0,57.0,132.0,228.0,
158760.0,301642.0,open,0.0,31.0,56.0,101.0,286.0,
158762.0,301642.0,open,20.0,41.0,57.0,121.0,261.0,
158764.0,301642.0,open,0.0,0.0,0.0,12.0,194.0,
158767.0,301642.0,open,10.0,40.0,61.0,137.0,264.0,
158771.0,301642.0,open,21.0,45.0,69.0,135.0,278.0,
158773.0,301642.0,open,18.0,43.0,62.0,109.0,288.0,
158775.0,301642.0,open,17.0,43.0,59.0,98.0,214.0,
158777.0,301642.0,open,10.0,34.0,42.0,112.0,284.0,
158781.0,301642.0,open,17.0,41.0,71.0,161.0,346.0,
158782.0,301642.0,open,17.0,39.0,69.0,141.0,326.0,
158783.0,301642.0,open,12.0,33.0,63.0,131.0,316.0,
158788.0,275368.0,open,16.0,46.0,76.0,157.0,234.0,
158808.0,305193.0,open,15.0,25.0,42.0,104.0,226.0,
158812.0,305193.0,open,5.0,25.0,55.0,133.0,315.0,
158817.0,305193.0,open,11.0,38.0,68.0,158.0,343.0,
158855.0,188916.0,open,14.0,44.0,74.0,164.0,337.0,
158864.0,188916.0,open,8.0,27.0,57.0,142.0,327.0,
159071.0,176022.0,open,14.0,44.0,74.0,164.0,349.0,
159075.0,202514.0,open,24.0,54.0,84.0,174.0,244.0,
159088.0,1400.0,open,26.0,56.0,86.0,176.0,361.0,
159090.0,1400.0,open,30.0,60.0,90.0,135.0,320.0,
159092.0,1400.0,open,29.0,59.0,89.0,171.0,356.0,
159097.0,1400.0,open,29.0,58.0,88.0,171.0,356.0,
159098.0,1400.0,open,28.0,58.0,82.0,115.0,300.0,
159102.0,1400.0,open,30.0,58.0,80.0,154.0,336.0,
159429.0,315253.0,open,18.0,38.0,64.0,148.0,265.0,
159434.0,315253.0,open,24.0,39.0,64.0,151.0,336.0,
159439.0,315253.0,open,30.0,60.0,90.0,180.0,297.0,
159440.0,315253.0,open,17.0,45.0,69.0,145.0,330.0,
159475.0,315253.0,open,26.0,53.0,68.0,108.0,222.0,
159477.0,315253.0,open,11.0,11.0,11.0,11.0,18.0,
159480.0,315253.0,open,20.0,41.0,67.0,143.0,229.0,
159481.0,315253.0,open,20.0,42.0,66.0,128.0,245.0,
159484.0,315253.0,open,20.0,47.0,68.0,127.0,221.0,
159485.0,315253.0,open,19.0,48.0,67.0,131.0,235.0,
159488.0,315253.0,open,26.0,52.0,82.0,166.0,283.0,
159493.0,315253.0,open,15.0,45.0,70.0,156.0,266.0,
159500.0,315253.0,open,23.0,51.0,79.0,167.0,284.0,
159503.0,315253.0,open,20.0,49.0,79.0,169.0,286.0,
159511.0,315253.0,open,15.0,44.0,68.0,152.0,269.0,
159513.0,315253.0,open,18.0,42.0,72.0,149.0,257.0,
159516.0,315253.0,open,26.0,49.0,75.0,159.0,276.0,
159524.0,315253.0,open,27.0,58.0,86.0,171.0,288.0,
159527.0,315253.0,open,24.0,53.0,82.0,172.0,289.0,
159529.0,315253.0,open,24.0,54.0,83.0,159.0,344.0,
159553.0,3161.0,open,20.0,50.0,80.0,160.0,345.0,
159565.0,3161.0,open,22.0,52.0,82.0,139.0,317.0,
159631.0,322957.0,open,8.0,24.0,54.0,144.0,247.0,
159653.0,128656.0,blocked,0.0,0.0,0.0,0.0,0.0,
159973.0,147979.0,open,13.0,13.0,13.0,33.0,210.0,
160333.0,329464.0,open,14.0,44.0,74.0,164.0,276.0,
160344.0,329464.0,open,15.0,37.0,67.0,157.0,288.0,
160382.0,329464.0,open,8.0,34.0,64.0,154.0,268.0,
160388.0,329464.0,open,0.0,0.0,14.0,104.0,250.0,
160453.0,329464.0,open,8.0,38.0,68.0,158.0,343.0,
160917.0,329507.0,open,8.0,34.0,64.0,134.0,188.0,
160992.0,329507.0,open,0.0,0.0,0.0,0.0,0.0,
161026.0,329507.0,open,7.0,18.0,27.0,62.0,148.0,
161113.0,329507.0,open,24.0,48.0,72.0,146.0,324.0,
161126.0,329507.0,open,7.0,19.0,35.0,125.0,297.0,
161144.0,329507.0,open,5.0,16.0,27.0,117.0,296.0,
161356.0,184254.0,open,2.0,19.0,40.0,115.0,242.0,
161391.0,273526.0,open,19.0,49.0,69.0,147.0,319.0,
161558.0,323886.0,open,12.0,28.0,42.0,78.0,149.0,
161576.0,323886.0,open,18.0,48.0,69.0,140.0,246.0,
161577.0,323886.0,open,14.0,39.0,50.0,76.0,151.0,
161582.0,323886.0,open,10.0,35.0,44.0,97.0,247.0,
161596.0,323886.0,open,23.0,49.0,69.0,157.0,273.0,
161609.0,323886.0,open,16.0,37.0,48.0,104.0,215.0,
161618.0,323886.0,open,12.0,30.0,57.0,133.0,229.0,
161851.0,330207.0,open,0.0,4.0,34.0,124.0,185.0,
161865.0,330207.0,open,19.0,49.0,79.0,169.0,354.0,
161877.0,330207.0,open,19.0,49.0,78.0,144.0,255.0,
161878.0,330207.0,open,14.0,44.0,74.0,164.0,275.0,
161888.0,330207.0,open,28.0,58.0,88.0,178.0,363.0,
161891.0,330207.0,open,28.0,55.0,82.0,146.0,255.0,
161917.0,333206.0,open,12.0,34.0,50.0,140.0,175.0,
161923.0,206762.0,open,16.0,31.0,50.0,100.0,192.0,
162061.0,249398.0,open,13.0,35.0,62.0,139.0,245.0,
162065.0,111413.0,open,20.0,50.0,77.0,167.0,350.0,
162070.0,335369.0,open,29.0,59.0,89.0,179.0,364.0,
162084.0,335369.0,blocked,0.0,0.0,0.0,0.0,0.0,
162089.0,335369.0,open,26.0,56.0,86.0,176.0,361.0,
162097.0,335369.0,open,29.0,59.0,89.0,179.0,364.0,
162103.0,335369.0,open,29.0,59.0,89.0,179.0,364.0,
162105.0,335369.0,open,29.0,55.0,79.0,151.0,336.0,
162107.0,335369.0,open,29.0,59.0,89.0,179.0,364.0,
162109.0,335369.0,open,29.0,57.0,87.0,177.0,362.0,
162120.0,333201.0,open,5.0,22.0,32.0,72.0,90.0,
162485.0,337771.0,open,6.0,36.0,66.0,82.0,248.0,
162491.0,337771.0,open,22.0,52.0,82.0,153.0,326.0,
162494.0,337771.0,open,19.0,49.0,79.0,142.0,326.0,
162504.0,337771.0,open,30.0,60.0,90.0,169.0,339.0,
162520.0,337771.0,open,24.0,54.0,84.0,160.0,342.0,
162522.0,337771.0,open,16.0,46.0,76.0,154.0,320.0,
162535.0,337771.0,open,20.0,50.0,80.0,167.0,349.0,
162538.0,337771.0,open,10.0,10.0,10.0,10.0,170.0,
162697.0,74576.0,open,0.0,17.0,42.0,115.0,160.0,
162743.0,338267.0,open,30.0,60.0,84.0,151.0,261.0,
162749.0,338267.0,open,30.0,54.0,76.0,124.0,236.0,
162763.0,338267.0,open,0.0,0.0,0.0,41.0,109.0,
162767.0,338267.0,open,0.0,28.0,52.0,137.0,173.0,
162768.0,338267.0,open,0.0,0.0,0.0,9.0,11.0,
162789.0,338267.0,open,30.0,58.0,82.0,154.0,266.0,
162790.0,338267.0,open,0.0,0.0,0.0,23.0,25.0,
162793.0,338267.0,open,0.0,0.0,0.0,58.0,60.0,
162800.0,338267.0,open,0.0,0.0,0.0,43.0,48.0,
162802.0,338267.0,open,0.0,14.0,36.0,72.0,181.0,
162815.0,338267.0,open,0.0,0.0,0.0,38.0,40.0,
162817.0,338267.0,open,0.0,0.0,0.0,0.0,97.0,
162828.0,338267.0,open,0.0,0.0,0.0,34.0,39.0,
162842.0,338267.0,open,30.0,60.0,84.0,142.0,254.0,
162846.0,338267.0,open,30.0,60.0,84.0,174.0,286.0,
162848.0,338267.0,open,30.0,60.0,84.0,148.0,260.0,
162855.0,338267.0,open,14.0,44.0,64.0,137.0,188.0,
162860.0,338267.0,open,0.0,0.0,0.0,60.0,62.0,
162863.0,338267.0,open,30.0,60.0,83.0,147.0,259.0,
162864.0,338267.0,open,0.0,0.0,0.0,19.0,25.0,
162865.0,338267.0,open,0.0,0.0,0.0,36.0,38.0,
162892.0,338267.0,open,0.0,0.0,0.0,45.0,47.0,
162893.0,338267.0,open,0.0,0.0,0.0,35.0,147.0,
162895.0,338267.0,open,30.0,60.0,84.0,148.0,260.0,
162897.0,338267.0,open,0.0,0.0,0.0,47.0,49.0,
162912.0,338267.0,open,30.0,60.0,78.0,136.0,246.0,
162916.0,338267.0,open,0.0,0.0,6.0,57.0,83.0,
162933.0,338267.0,open,30.0,60.0,76.0,166.0,278.0,
162939.0,338267.0,open,0.0,0.0,0.0,37.0,48.0,
162944.0,338267.0,open,0.0,0.0,0.0,23.0,25.0,
162947.0,338267.0,open,0.0,0.0,0.0,38.0,104.0,
162949.0,338267.0,open,0.0,0.0,0.0,15.0,17.0,
162956.0,338267.0,open,30.0,60.0,77.0,141.0,253.0,
162958.0,338267.0,open,0.0,0.0,0.0,12.0,31.0,
162969.0,338267.0,open,0.0,0.0,0.0,63.0,79.0,
162973.0,338267.0,open,0.0,0.0,0.0,51.0,53.0,
162979.0,338267.0,open,0.0,12.0,24.0,77.0,129.0,
162985.0,338267.0,open,30.0,60.0,84.0,168.0,280.0,
162995.0,338267.0,open,0.0,0.0,2.0,46.0,74.0,
162999.0,338267.0,open,30.0,60.0,82.0,111.0,219.0,
163011.0,338267.0,open,0.0,25.0,29.0,29.0,132.0,
163017.0,338267.0,open,30.0,54.0,72.0,124.0,218.0,
163023.0,338267.0,open,30.0,54.0,72.0,101.0,209.0,
163033.0,338267.0,open,30.0,60.0,84.0,152.0,259.0,
163046.0,338267.0,open,30.0,60.0,84.0,174.0,286.0,
163047.0,338267.0,open,30.0,57.0,64.0,115.0,219.0,
163050.0,338267.0,open,0.0,0.0,17.0,60.0,170.0,
163052.0,338267.0,open,30.0,57.0,67.0,118.0,229.0,
163055.0,338267.0,open,29.0,54.0,71.0,116.0,228.0,
163057.0,338267.0,open,30.0,60.0,78.0,154.0,266.0,
163064.0,338267.0,open,0.0,0.0,0.0,50.0,102.0,
163068.0,338267.0,open,30.0,60.0,84.0,162.0,274.0,
163071.0,338267.0,open,30.0,60.0,82.0,153.0,262.0,
163074.0,338267.0,open,0.0,0.0,0.0,20.0,126.0,
163076.0,338267.0,open,30.0,60.0,80.0,128.0,240.0,
163102.0,338267.0,open,30.0,60.0,82.0,140.0,252.0,
163108.0,338267.0,open,0.0,0.0,8.0,87.0,89.0,
163118.0,338267.0,open,30.0,60.0,78.0,122.0,234.0,
163123.0,338267.0,open,0.0,5.0,29.0,107.0,219.0,
163124.0,338267.0,open,0.0,0.0,0.0,29.0,42.0,
163129.0,338267.0,open,0.0,0.0,0.0,48.0,160.0,
163137.0,338267.0,open,0.0,0.0,0.0,8.0,10.0,
163146.0,338267.0,open,0.0,0.0,13.0,68.0,70.0,
163160.0,338267.0,open,0.0,0.0,0.0,62.0,174.0,
163163.0,338267.0,open,30.0,60.0,84.0,152.0,264.0,
163170.0,338267.0,open,0.0,0.0,0.0,56.0,168.0,
163172.0,338267.0,open,30.0,60.0,78.0,126.0,238.0,
163182.0,338267.0,open,0.0,0.0,0.0,41.0,43.0,
163189.0,338267.0,open,0.0,0.0,0.0,10.0,89.0,
163365.0,323886.0,open,4.0,21.0,36.0,90.0,262.0,
163366.0,330207.0,open,2.0,32.0,62.0,152.0,264.0,
163367.0,111413.0,open,25.0,52.0,79.0,164.0,320.0,
163385.0,202514.0,open,23.0,51.0,81.0,158.0,228.0,
163543.0,338764.0,open,14.0,19.0,28.0,80.0,158.0,
163582.0,338764.0,open,22.0,41.0,45.0,89.0,195.0,
163625.0,338764.0,blocked,0.0,0.0,0.0,0.0,0.0,
163634.0,338764.0,open,27.0,48.0,64.0,133.0,244.0,
163742.0,339427.0,open,0.0,0.0,0.0,0.0,0.0,
163870.0,336014.0,open,2.0,31.0,49.0,117.0,217.0,
163878.0,336014.0,blocked,0.0,0.0,0.0,0.0,0.0,
163891.0,339721.0,open,30.0,60.0,88.0,137.0,319.0,
163892.0,339721.0,open,30.0,60.0,90.0,147.0,332.0,
163895.0,339721.0,open,21.0,51.0,81.0,127.0,308.0,
163900.0,339721.0,open,30.0,56.0,80.0,152.0,337.0,
163902.0,339721.0,open,26.0,54.0,78.0,118.0,303.0,
163904.0,340940.0,open,17.0,36.0,43.0,111.0,221.0,
163908.0,340940.0,open,12.0,20.0,41.0,99.0,223.0,
163910.0,340940.0,open,19.0,32.0,47.0,110.0,225.0,
163917.0,340940.0,open,17.0,38.0,53.0,131.0,243.0,
163920.0,340940.0,open,15.0,35.0,58.0,142.0,280.0,
163926.0,340940.0,open,9.0,14.0,25.0,69.0,213.0,
163930.0,340940.0,open,25.0,46.0,76.0,162.0,341.0,
163932.0,340940.0,open,10.0,14.0,25.0,76.0,192.0,
163933.0,340940.0,open,22.0,44.0,52.0,137.0,267.0,
163937.0,340940.0,open,19.0,23.0,32.0,76.0,214.0,
163940.0,340940.0,open,13.0,27.0,46.0,120.0,299.0,
163941.0,340940.0,open,12.0,39.0,66.0,156.0,341.0,
163947.0,340940.0,open,16.0,46.0,76.0,155.0,334.0,
163953.0,340940.0,open,9.0,19.0,40.0,116.0,269.0,
163954.0,340940.0,open,23.0,49.0,68.0,152.0,277.0,
163966.0,340940.0,open,14.0,41.0,64.0,140.0,252.0,
163977.0,340940.0,open,20.0,44.0,62.0,152.0,274.0,
163991.0,340940.0,open,22.0,31.0,44.0,122.0,275.0,
163993.0,340940.0,open,19.0,35.0,40.0,124.0,205.0,
164007.0,340940.0,open,9.0,23.0,27.0,59.0,133.0,
164020.0,340940.0,open,10.0,14.0,33.0,95.0,273.0,
164022.0,340940.0,open,15.0,15.0,15.0,15.0,15.0,
164091.0,288648.0,open,6.0,18.0,23.0,63.0,214.0,
164180.0,310711.0,open,26.0,51.0,81.0,151.0,334.0,
164444.0,281502.0,open,9.0,31.0,61.0,151.0,336.0,
164448.0,273104.0,open,23.0,40.0,70.0,143.0,328.0,
164456.0,273104.0,open,11.0,18.0,29.0,61.0,156.0,
164517.0,202543.0,open,14.0,44.0,74.0,164.0,325.0,
164519.0,202558.0,open,26.0,56.0,86.0,176.0,252.0,
164983.0,74576.0,open,19.0,43.0,73.0,163.0,279.0,
165021.0,323886.0,open,29.0,59.0,86.0,162.0,275.0,
165032.0,341009.0,blocked,30.0,60.0,90.0,180.0,352.0,
165053.0,341009.0,open,14.0,29.0,36.0,55.0,211.0,
165055.0,341009.0,open,4.0,4.0,4.0,4.0,4.0,
165076.0,202514.0,open,22.0,52.0,82.0,118.0,188.0,
165160.0,339769.0,open,30.0,60.0,90.0,180.0,293.0,
165170.0,339769.0,open,30.0,60.0,90.0,180.0,293.0,
165200.0,340940.0,open,23.0,38.0,55.0,121.0,300.0,
165288.0,315253.0,open,26.0,53.0,83.0,129.0,246.0,
165292.0,315253.0,open,21.0,35.0,58.0,119.0,213.0,
165351.0,188916.0,open,22.0,44.0,66.0,139.0,305.0,
165486.0,348034.0,open,7.0,23.0,36.0,106.0,175.0,
165487.0,348034.0,open,0.0,3.0,9.0,59.0,154.0,
165488.0,146269.0,open,13.0,27.0,41.0,131.0,245.0,
165489.0,348034.0,open,8.0,14.0,21.0,63.0,145.0,
165491.0,348034.0,open,8.0,22.0,36.0,101.0,176.0,
165494.0,348034.0,open,10.0,12.0,27.0,74.0,165.0,
165496.0,348034.0,open,9.0,21.0,42.0,119.0,259.0,
165499.0,348034.0,open,14.0,16.0,45.0,98.0,161.0,
165501.0,348034.0,open,9.0,15.0,20.0,91.0,249.0,
165502.0,348034.0,open,8.0,24.0,40.0,130.0,227.0,
165503.0,146269.0,open,15.0,23.0,30.0,114.0,257.0,
165504.0,348034.0,open,6.0,19.0,35.0,66.0,168.0,
165515.0,348034.0,open,15.0,30.0,41.0,94.0,211.0,
165517.0,288648.0,open,17.0,40.0,62.0,119.0,267.0,
165518.0,348034.0,open,19.0,39.0,64.0,134.0,319.0,
165522.0,348034.0,open,8.0,20.0,36.0,87.0,245.0,
165523.0,348034.0,open,9.0,27.0,57.0,141.0,255.0,
165524.0,348034.0,open,13.0,27.0,44.0,100.0,276.0,
165547.0,278608.0,open,12.0,42.0,72.0,90.0,202.0,
165551.0,298179.0,open,7.0,16.0,33.0,83.0,259.0,
165597.0,301643.0,open,16.0,43.0,71.0,143.0,328.0,
165598.0,301643.0,open,25.0,55.0,85.0,175.0,360.0,
165600.0,330207.0,open,0.0,0.0,0.0,43.0,215.0,
165609.0,301643.0,open,7.0,30.0,56.0,105.0,228.0,
165610.0,301643.0,open,14.0,44.0,69.0,124.0,309.0,
165614.0,301643.0,open,24.0,54.0,81.0,163.0,289.0,
165617.0,301643.0,open,21.0,51.0,64.0,86.0,186.0,
165621.0,301643.0,open,21.0,51.0,77.0,167.0,352.0,
165623.0,301643.0,open,16.0,33.0,43.0,96.0,241.0,
165625.0,301643.0,open,25.0,55.0,85.0,152.0,337.0,
165631.0,301643.0,open,13.0,37.0,59.0,110.0,236.0,
165642.0,301643.0,open,0.0,0.0,0.0,0.0,0.0,
165653.0,301643.0,open,11.0,41.0,64.0,135.0,320.0,
165655.0,301643.0,open,18.0,48.0,78.0,162.0,347.0,
165656.0,301643.0,open,21.0,51.0,81.0,156.0,280.0,
165657.0,301643.0,open,26.0,56.0,80.0,161.0,273.0,
165659.0,301643.0,open,22.0,52.0,82.0,172.0,357.0,
165668.0,301643.0,open,17.0,47.0,72.0,146.0,272.0,
165669.0,301643.0,open,2.0,19.0,45.0,99.0,179.0,
165671.0,301643.0,open,0.0,30.0,60.0,130.0,315.0,
165672.0,301643.0,open,19.0,43.0,73.0,136.0,315.0,
165673.0,301643.0,open,15.0,45.0,75.0,165.0,272.0,
165674.0,301643.0,open,4.0,28.0,46.0,97.0,282.0,
165676.0,301643.0,open,28.0,58.0,83.0,168.0,353.0,
165689.0,301643.0,open,8.0,33.0,46.0,99.0,273.0,
165693.0,301643.0,open,8.0,38.0,68.0,158.0,343.0,
165694.0,301643.0,open,13.0,38.0,62.0,109.0,294.0,
165698.0,301643.0,open,22.0,52.0,63.0,117.0,302.0,
165704.0,301643.0,open,17.0,36.0,59.0,126.0,311.0,
165707.0,301643.0,open,13.0,43.0,63.0,121.0,241.0,
165712.0,301643.0,open,16.0,46.0,73.0,133.0,318.0,
165716.0,301643.0,open,13.0,25.0,40.0,81.0,251.0,
165729.0,301643.0,open,17.0,47.0,74.0,157.0,342.0,
165732.0,301643.0,open,12.0,42.0,65.0,142.0,266.0,
165734.0,301643.0,open,0.0,26.0,45.0,93.0,265.0,
165735.0,301643.0,open,15.0,45.0,66.0,124.0,309.0,
165737.0,301643.0,open,19.0,49.0,73.0,150.0,335.0,
165744.0,301643.0,open,12.0,42.0,52.0,108.0,221.0,
165745.0,301643.0,open,16.0,40.0,65.0,144.0,320.0,
165753.0,301643.0,open,24.0,52.0,70.0,158.0,343.0,
165757.0,301643.0,open,15.0,43.0,71.0,155.0,279.0,
165768.0,301643.0,open,24.0,54.0,84.0,174.0,359.0,
165808.0,146269.0,open,20.0,34.0,48.0,138.0,281.0,
165809.0,146269.0,open,17.0,31.0,42.0,132.0,275.0,
165903.0,249398.0,open,27.0,51.0,76.0,158.0,301.0,
165913.0,199359.0,open,29.0,59.0,89.0,158.0,266.0,
165966.0,329507.0,open,15.0,41.0,71.0,161.0,274.0,
166345.0,273510.0,open,2.0,25.0,55.0,145.0,330.0,
166377.0,280540.0,open,19.0,49.0,79.0,169.0,320.0,
166390.0,352066.0,blocked,0.0,0.0,0.0,0.0,0.0,
166636.0,177277.0,open,15.0,42.0,67.0,110.0,293.0,
166641.0,353289.0,open,8.0,16.0,24.0,37.0,107.0,
166642.0,353289.0,open,27.0,57.0,77.0,124.0,307.0,
166643.0,353289.0,open,8.0,19.0,30.0,93.0,235.0,
166646.0,353289.0,open,3.0,11.0,21.0,42.0,126.0,
167158.0,354642.0,open,14.0,29.0,47.0,121.0,292.0,
167180.0,355833.0,open,29.0,57.0,87.0,177.0,359.0,
167203.0,356393.0,open,12.0,39.0,65.0,142.0,308.0,
167204.0,356393.0,open,15.0,41.0,71.0,161.0,346.0,
167208.0,356393.0,open,14.0,44.0,74.0,164.0,290.0,
167218.0,356393.0,open,30.0,42.0,72.0,162.0,347.0,
167224.0,356393.0,open,23.0,48.0,78.0,168.0,353.0,
167225.0,356393.0,blocked,0.0,0.0,0.0,0.0,0.0,
167226.0,356393.0,open,24.0,51.0,81.0,171.0,356.0,
167236.0,356393.0,open,11.0,28.0,42.0,132.0,316.0,
167241.0,356393.0,open,0.0,14.0,30.0,91.0,203.0,
167244.0,356393.0,open,8.0,16.0,46.0,109.0,245.0,
167260.0,356393.0,open,17.0,36.0,66.0,156.0,341.0,
167310.0,147979.0,open,0.0,0.0,0.0,0.0,0.0,
167887.0,357876.0,open,7.0,19.0,22.0,61.0,225.0,
167901.0,357876.0,open,16.0,35.0,59.0,147.0,332.0,
167902.0,357876.0,open,0.0,0.0,7.0,51.0,51.0,
167917.0,357876.0,open,0.0,0.0,0.0,66.0,66.0,
167979.0,354641.0,open,0.0,0.0,0.0,0.0,0.0,
168095.0,357996.0,open,11.0,11.0,11.0,85.0,194.0,
168157.0,357996.0,open,8.0,14.0,23.0,64.0,191.0,
168223.0,288649.0,open,17.0,47.0,77.0,158.0,343.0,
168285.0,211501.0,open,11.0,35.0,40.0,89.0,268.0,
168524.0,147979.0,open,3.0,9.0,9.0,9.0,9.0,
168567.0,267013.0,open,20.0,42.0,62.0,127.0,312.0,
168589.0,337771.0,open,29.0,59.0,89.0,149.0,172.0,
168590.0,337771.0,open,20.0,50.0,77.0,127.0,207.0,
168600.0,360926.0,open,14.0,44.0,69.0,150.0,334.0,
168601.0,360926.0,open,16.0,46.0,76.0,166.0,341.0,
168603.0,360926.0,open,0.0,30.0,60.0,115.0,181.0,
168604.0,360926.0,open,27.0,55.0,85.0,175.0,360.0,
168608.0,360926.0,open,22.0,52.0,82.0,172.0,284.0,
168609.0,360926.0,open,21.0,48.0,78.0,134.0,305.0,
168613.0,360926.0,open,15.0,20.0,20.0,20.0,140.0,
168614.0,360926.0,open,24.0,54.0,82.0,165.0,339.0,
168616.0,360926.0,open,18.0,48.0,78.0,155.0,339.0,
168626.0,360926.0,open,10.0,40.0,70.0,116.0,301.0,
168629.0,360926.0,open,22.0,52.0,82.0,170.0,349.0,
168643.0,360926.0,open,27.0,57.0,87.0,174.0,359.0,
168645.0,360926.0,open,24.0,54.0,77.0,150.0,308.0,
168647.0,360926.0,open,22.0,52.0,82.0,159.0,327.0,
168653.0,360926.0,open,19.0,49.0,79.0,158.0,343.0,
168657.0,360926.0,open,21.0,51.0,81.0,151.0,336.0,
168658.0,360926.0,open,20.0,50.0,66.0,106.0,291.0,
168661.0,360926.0,open,24.0,54.0,84.0,145.0,324.0,
168666.0,360926.0,open,14.0,44.0,74.0,164.0,337.0,
168670.0,360926.0,open,25.0,55.0,85.0,175.0,357.0,
168673.0,360926.0,open,12.0,42.0,71.0,161.0,346.0,
168675.0,360926.0,open,22.0,35.0,35.0,35.0,143.0,
168677.0,360926.0,open,18.0,48.0,78.0,168.0,353.0,
168681.0,360926.0,open,19.0,49.0,79.0,169.0,241.0,
168696.0,360926.0,open,24.0,54.0,84.0,174.0,359.0,
168704.0,360926.0,open,30.0,60.0,90.0,180.0,365.0,
168705.0,360926.0,open,9.0,39.0,69.0,159.0,338.0,
168706.0,360926.0,open,18.0,48.0,78.0,168.0,353.0,
168721.0,360926.0,open,26.0,56.0,86.0,159.0,327.0,
168723.0,360926.0,open,18.0,46.0,65.0,65.0,217.0,
168724.0,360926.0,open,22.0,52.0,79.0,147.0,332.0,
168730.0,360926.0,open,23.0,23.0,23.0,23.0,40.0,
168734.0,360926.0,open,21.0,51.0,81.0,165.0,347.0,
168735.0,360926.0,open,22.0,52.0,82.0,172.0,357.0,
168736.0,360926.0,open,21.0,51.0,81.0,85.0,258.0,
168756.0,360926.0,open,17.0,47.0,75.0,140.0,307.0,
168781.0,288648.0,open,2.0,9.0,14.0,74.0,230.0,
168852.0,310711.0,open,28.0,39.0,69.0,116.0,264.0,
168888.0,202552.0,open,25.0,55.0,72.0,72.0,72.0,
168889.0,202556.0,open,27.0,52.0,77.0,77.0,77.0,
168895.0,202514.0,open,22.0,52.0,82.0,163.0,233.0,
168898.0,202545.0,open,17.0,47.0,77.0,167.0,352.0,
168899.0,202557.0,open,15.0,35.0,35.0,35.0,35.0,
168994.0,3161.0,open,13.0,36.0,60.0,122.0,301.0,
169016.0,276171.0,open,12.0,33.0,57.0,136.0,321.0,
169023.0,169785.0,open,15.0,43.0,54.0,97.0,199.0,
169188.0,188916.0,open,29.0,59.0,89.0,179.0,364.0,
169191.0,337771.0,open,16.0,46.0,53.0,90.0,258.0,
169218.0,365946.0,open,8.0,19.0,19.0,19.0,183.0,
169219.0,365946.0,open,6.0,6.0,6.0,89.0,240.0,
169224.0,365946.0,open,0.0,0.0,0.0,0.0,36.0,
169235.0,365946.0,open,0.0,0.0,0.0,82.0,267.0,
169257.0,365946.0,open,14.0,35.0,60.0,131.0,310.0,
169262.0,365946.0,open,5.0,5.0,5.0,7.0,57.0,
169273.0,365946.0,open,11.0,25.0,46.0,136.0,321.0,
169296.0,353289.0,open,16.0,26.0,50.0,133.0,256.0,
169344.0,267471.0,open,0.0,15.0,45.0,135.0,251.0,
169391.0,188916.0,open,0.0,0.0,0.0,0.0,0.0,
169483.0,276392.0,open,15.0,35.0,62.0,144.0,320.0,
169702.0,367463.0,open,4.0,7.0,28.0,100.0,170.0,
169748.0,367463.0,open,5.0,17.0,28.0,68.0,143.0,
169858.0,3057.0,open,29.0,59.0,89.0,179.0,364.0,
169889.0,197286.0,open,18.0,48.0,78.0,96.0,144.0,
169918.0,288648.0,open,15.0,31.0,44.0,74.0,226.0,
170332.0,189716.0,open,24.0,50.0,76.0,166.0,351.0,
170361.0,374241.0,open,0.0,13.0,29.0,104.0,169.0,
170362.0,374241.0,open,30.0,60.0,90.0,174.0,359.0,
170364.0,374241.0,open,21.0,51.0,81.0,167.0,352.0,
170366.0,374241.0,open,18.0,38.0,61.0,134.0,297.0,
170373.0,374241.0,open,18.0,36.0,58.0,145.0,327.0,
170376.0,374241.0,open,13.0,44.0,71.0,158.0,324.0,
170384.0,374241.0,open,17.0,24.0,41.0,116.0,263.0,
170397.0,374241.0,open,16.0,40.0,67.0,154.0,335.0,
170406.0,374241.0,open,27.0,55.0,85.0,173.0,343.0,
170414.0,374241.0,open,30.0,60.0,90.0,180.0,365.0,
170423.0,374241.0,open,18.0,44.0,71.0,150.0,321.0,
170425.0,374241.0,open,25.0,55.0,85.0,158.0,343.0,
170430.0,374241.0,open,18.0,44.0,71.0,150.0,321.0,
170433.0,276392.0,open,27.0,56.0,81.0,138.0,311.0,
170438.0,276392.0,open,0.0,16.0,30.0,88.0,202.0,
170448.0,188916.0,open,14.0,42.0,63.0,147.0,327.0,
170557.0,211825.0,open,30.0,60.0,90.0,175.0,175.0,
170807.0,146269.0,open,0.0,9.0,21.0,111.0,254.0,
170808.0,146269.0,open,12.0,19.0,32.0,122.0,265.0,
170809.0,146269.0,open,0.0,0.0,9.0,99.0,242.0,
170810.0,146269.0,open,9.0,17.0,31.0,121.0,264.0,
170812.0,146269.0,open,17.0,27.0,40.0,130.0,273.0,
171161.0,171901.0,open,13.0,42.0,72.0,142.0,314.0,
171348.0,176022.0,open,25.0,25.0,39.0,129.0,198.0,
171376.0,176022.0,open,15.0,32.0,32.0,105.0,290.0,
171439.0,188916.0,open,0.0,0.0,0.0,0.0,0.0,
171546.0,329507.0,open,0.0,0.0,0.0,0.0,0.0,
171561.0,379758.0,open,10.0,13.0,20.0,47.0,144.0,
171821.0,199393.0,blocked,0.0,0.0,0.0,0.0,0.0,
171894.0,295217.0,open,30.0,51.0,76.0,166.0,278.0,
171967.0,295217.0,open,20.0,39.0,63.0,126.0,238.0,
172338.0,333206.0,open,2.0,2.0,2.0,2.0,2.0,
172369.0,176022.0,open,15.0,45.0,75.0,165.0,292.0,
172379.0,202558.0,open,14.0,39.0,67.0,116.0,192.0,
172385.0,1400.0,open,29.0,59.0,87.0,159.0,344.0,
172472.0,211825.0,open,28.0,58.0,86.0,171.0,171.0,
172551.0,288648.0,open,16.0,37.0,48.0,105.0,261.0,
172609.0,360926.0,open,0.0,0.0,0.0,0.0,0.0,
172617.0,329464.0,open,9.0,31.0,51.0,124.0,259.0,
172718.0,202543.0,open,13.0,43.0,73.0,163.0,319.0,
172720.0,202545.0,open,17.0,47.0,77.0,167.0,352.0,
172782.0,379320.0,open,16.0,16.0,24.0,114.0,299.0,
172929.0,1400.0,open,30.0,60.0,89.0,174.0,359.0,
172964.0,188916.0,open,30.0,60.0,90.0,174.0,329.0,
172994.0,174506.0,open,4.0,29.0,47.0,47.0,47.0,
172998.0,280540.0,open,0.0,18.0,48.0,134.0,319.0,
173020.0,305193.0,open,0.0,9.0,29.0,68.0,195.0,
173021.0,298179.0,open,25.0,53.0,83.0,173.0,358.0,
173032.0,280540.0,open,5.0,13.0,33.0,79.0,239.0,
173033.0,280540.0,open,0.0,20.0,48.0,96.0,281.0,
173058.0,1400.0,open,23.0,53.0,82.0,164.0,349.0,
173064.0,1400.0,open,23.0,53.0,83.0,164.0,349.0,
173199.0,391735.0,open,9.0,15.0,38.0,110.0,236.0,
173444.0,3161.0,open,26.0,56.0,86.0,156.0,324.0,
173452.0,3057.0,open,26.0,56.0,86.0,176.0,361.0,
173456.0,211825.0,open,17.0,17.0,17.0,86.0,86.0,
173479.0,3057.0,open,29.0,59.0,89.0,179.0,364.0,
173672.0,188916.0,open,30.0,60.0,90.0,180.0,335.0,
173779.0,276392.0,open,23.0,45.0,64.0,105.0,184.0,
173784.0,288648.0,open,8.0,10.0,10.0,27.0,42.0,
173796.0,288648.0,open,11.0,32.0,49.0,129.0,171.0,
173799.0,288648.0,open,13.0,35.0,50.0,135.0,290.0,
173805.0,288648.0,open,0.0,21.0,32.0,79.0,226.0,
173808.0,288648.0,open,13.0,21.0,21.0,67.0,208.0,
173811.0,288648.0,open,10.0,28.0,45.0,86.0,242.0,
173817.0,288648.0,open,7.0,7.0,26.0,91.0,247.0,
173832.0,288648.0,open,9.0,29.0,54.0,131.0,287.0,
173833.0,288648.0,open,24.0,51.0,75.0,165.0,321.0,
173839.0,288648.0,open,16.0,31.0,37.0,79.0,231.0,
173840.0,288648.0,open,8.0,23.0,33.0,83.0,232.0,
173844.0,288648.0,open,10.0,40.0,70.0,160.0,316.0,
173845.0,288648.0,open,6.0,28.0,30.0,63.0,219.0,
173854.0,288648.0,open,9.0,36.0,53.0,124.0,279.0,
173859.0,288648.0,open,10.0,23.0,32.0,94.0,250.0,
173867.0,288648.0,open,10.0,24.0,45.0,88.0,244.0,
173884.0,288648.0,open,2.0,5.0,5.0,34.0,158.0,
173917.0,288648.0,open,9.0,25.0,29.0,70.0,223.0,
173948.0,288648.0,open,1.0,1.0,1.0,1.0,1.0,
174094.0,365946.0,open,12.0,28.0,44.0,121.0,284.0,
174095.0,365946.0,open,4.0,22.0,41.0,94.0,279.0,
174332.0,147979.0,open,30.0,55.0,82.0,139.0,322.0,
174353.0,330207.0,open,23.0,40.0,40.0,40.0,175.0,
174355.0,301642.0,open,10.0,39.0,69.0,153.0,338.0,
174372.0,189615.0,open,30.0,51.0,81.0,171.0,288.0,
174407.0,176022.0,open,3.0,33.0,63.0,153.0,204.0,
174708.0,323886.0,open,24.0,54.0,84.0,174.0,290.0,
174777.0,258474.0,open,20.0,50.0,77.0,167.0,338.0,
174781.0,337771.0,open,24.0,24.0,24.0,24.0,24.0,
174804.0,360926.0,open,23.0,52.0,82.0,124.0,309.0,
174855.0,276392.0,open,21.0,32.0,44.0,105.0,273.0,
174860.0,276392.0,open,7.0,7.0,16.0,56.0,146.0,
174872.0,276392.0,open,13.0,40.0,53.0,117.0,293.0,
174883.0,276392.0,open,11.0,40.0,64.0,131.0,307.0,
174889.0,400346.0,open,15.0,43.0,64.0,154.0,225.0,
174891.0,276392.0,open,27.0,57.0,81.0,152.0,328.0,
174894.0,276392.0,open,9.0,31.0,56.0,123.0,263.0,
174895.0,276392.0,open,23.0,51.0,75.0,153.0,329.0,
174905.0,400346.0,open,25.0,55.0,85.0,175.0,247.0,
174909.0,400346.0,open,13.0,16.0,29.0,116.0,195.0,
174916.0,400346.0,open,6.0,36.0,66.0,156.0,256.0,
174919.0,400346.0,open,13.0,30.0,43.0,133.0,200.0,
174923.0,338267.0,open,25.0,50.0,67.0,81.0,188.0,
174927.0,400346.0,open,15.0,45.0,70.0,159.0,259.0,
174929.0,400346.0,open,14.0,44.0,69.0,158.0,258.0,
174930.0,400346.0,open,5.0,27.0,57.0,128.0,228.0,
174933.0,400346.0,open,5.0,31.0,61.0,151.0,250.0,
174935.0,400346.0,open,0.0,14.0,44.0,134.0,234.0,
174936.0,400346.0,open,16.0,46.0,76.0,166.0,266.0,
174937.0,400346.0,open,0.0,0.0,0.0,0.0,81.0,
174940.0,400346.0,open,6.0,19.0,43.0,120.0,220.0,
174941.0,400346.0,open,0.0,15.0,41.0,66.0,139.0,
174943.0,400346.0,open,16.0,38.0,68.0,158.0,258.0,
174944.0,400346.0,open,0.0,13.0,43.0,133.0,153.0,
174945.0,400346.0,open,5.0,34.0,49.0,138.0,238.0,
174947.0,400346.0,open,22.0,52.0,82.0,172.0,272.0,
174949.0,400346.0,open,16.0,40.0,67.0,157.0,250.0,
174950.0,400346.0,open,14.0,44.0,74.0,164.0,264.0,
174952.0,400346.0,open,0.0,18.0,48.0,138.0,218.0,
174953.0,400346.0,open,0.0,0.0,0.0,0.0,0.0,
174955.0,400346.0,open,19.0,49.0,79.0,169.0,247.0,
174957.0,400346.0,open,19.0,39.0,69.0,159.0,252.0,
174959.0,400346.0,open,14.0,44.0,74.0,164.0,264.0,
174960.0,400346.0,open,4.0,21.0,36.0,123.0,223.0,
174964.0,400346.0,open,0.0,8.0,37.0,127.0,227.0,
174965.0,400346.0,open,21.0,51.0,81.0,171.0,222.0,
174967.0,400346.0,open,0.0,25.0,55.0,145.0,183.0,
174968.0,400346.0,open,17.0,41.0,69.0,157.0,257.0,
174969.0,400346.0,open,15.0,38.0,68.0,158.0,258.0,
174970.0,400346.0,open,15.0,45.0,75.0,165.0,265.0,
174972.0,400346.0,open,0.0,25.0,55.0,145.0,245.0,
174974.0,400346.0,open,13.0,39.0,69.0,159.0,259.0,
174975.0,400346.0,open,22.0,52.0,62.0,65.0,165.0,
174976.0,400346.0,open,21.0,46.0,71.0,154.0,227.0,
174981.0,400346.0,open,21.0,51.0,81.0,171.0,271.0,
174982.0,400346.0,open,8.0,33.0,60.0,150.0,250.0,
174988.0,400346.0,open,15.0,24.0,54.0,144.0,244.0,
174989.0,400346.0,open,7.0,20.0,47.0,108.0,208.0,
174991.0,400346.0,open,9.0,39.0,69.0,159.0,259.0,
174994.0,400346.0,open,8.0,38.0,68.0,158.0,254.0,
174996.0,400346.0,open,0.0,0.0,14.0,101.0,201.0,
174997.0,400346.0,open,0.0,13.0,43.0,133.0,233.0,
175001.0,400346.0,open,8.0,38.0,68.0,158.0,258.0,
175004.0,400346.0,open,0.0,0.0,0.0,0.0,0.0,
175008.0,400346.0,open,0.0,21.0,51.0,141.0,198.0,
175010.0,400346.0,open,19.0,49.0,79.0,169.0,269.0,
175015.0,400346.0,open,0.0,5.0,35.0,125.0,225.0,
175018.0,400346.0,open,17.0,47.0,68.0,158.0,258.0,
175024.0,211501.0,open,14.0,40.0,60.0,129.0,300.0,
175030.0,400346.0,open,8.0,30.0,60.0,150.0,250.0,
175032.0,400346.0,open,23.0,39.0,69.0,159.0,259.0,
175034.0,400346.0,open,12.0,36.0,66.0,156.0,235.0,
175055.0,379758.0,open,12.0,39.0,52.0,116.0,274.0,
175150.0,202558.0,open,30.0,55.0,76.0,128.0,202.0,
175158.0,202514.0,open,22.0,52.0,81.0,162.0,232.0,
175159.0,202552.0,open,23.0,53.0,83.0,173.0,243.0,
175232.0,360926.0,open,17.0,47.0,77.0,167.0,335.0,
175249.0,276392.0,open,2.0,2.0,7.0,14.0,97.0,
175252.0,276392.0,open,16.0,35.0,43.0,51.0,173.0,
175253.0,276392.0,open,16.0,26.0,31.0,31.0,125.0,
175258.0,276392.0,open,23.0,23.0,23.0,39.0,114.0,
175259.0,276392.0,open,10.0,18.0,40.0,44.0,127.0,
175260.0,340525.0,open,24.0,54.0,84.0,139.0,240.0,
175263.0,276392.0,open,8.0,31.0,31.0,53.0,127.0,
175433.0,407407.0,open,0.0,23.0,53.0,91.0,229.0,
175439.0,407407.0,open,8.0,8.0,17.0,19.0,99.0,
175449.0,407407.0,open,0.0,3.0,3.0,61.0,238.0,
175455.0,407407.0,open,15.0,45.0,63.0,125.0,218.0,
175466.0,407407.0,open,5.0,12.0,36.0,71.0,170.0,
175472.0,407407.0,open,17.0,40.0,70.0,160.0,248.0,
175476.0,407407.0,open,4.0,22.0,46.0,76.0,76.0,
175478.0,407407.0,open,0.0,0.0,27.0,67.0,210.0,
175480.0,407407.0,open,0.0,0.0,0.0,0.0,0.0,
175484.0,407407.0,open,0.0,9.0,39.0,129.0,276.0,
175487.0,407407.0,open,26.0,39.0,53.0,71.0,137.0,
175494.0,407407.0,open,22.0,47.0,77.0,147.0,236.0,
175496.0,407407.0,open,14.0,44.0,74.0,164.0,299.0,
175502.0,407407.0,open,16.0,16.0,16.0,16.0,99.0,
175503.0,407407.0,open,23.0,53.0,83.0,173.0,263.0,
175525.0,407407.0,open,14.0,44.0,74.0,164.0,349.0,
175580.0,407407.0,open,0.0,14.0,36.0,109.0,185.0,
175827.0,400346.0,open,9.0,34.0,65.0,155.0,255.0,
175831.0,337771.0,open,15.0,45.0,75.0,152.0,330.0,
175840.0,111413.0,open,15.0,40.0,61.0,128.0,313.0,
175909.0,46739.0,open,25.0,52.0,80.0,166.0,282.0,
175912.0,46739.0,open,29.0,59.0,89.0,179.0,295.0,
176853.0,337771.0,open,30.0,60.0,90.0,173.0,301.0,
176881.0,337771.0,open,24.0,54.0,84.0,166.0,287.0,
